service_id,date,exception_type
000001,20210523,1
000002,20210312,1
000002,20210315,1
000002,20210319,1
000002,20210329,1
000002,20210402,1
000002,20210408,1
000002,20210409,1
000002,20210412,1
000002,20210413,1
000002,20210414,1
000002,20210415,1
000002,20210416,1
000002,20210419,1
000002,20210420,1
000002,20210421,1
000002,20210422,1
000002,20210423,1
000002,20210426,1
000002,20210427,1
000002,20210428,1
000002,20210429,1
000002,20210430,1
000002,20210503,1
000002,20210504,1
000002,20210505,1
000002,20210506,1
000002,20210507,1
000002,20210510,1
000002,20210511,1
000002,20210512,1
000002,20210514,1
000002,20210517,1
000002,20210518,1
000002,20210519,1
000002,20210520,1
000002,20210521,1
000002,20210525,1
000002,20210526,1
000002,20210527,1
000002,20210528,1
000002,20210531,1
000002,20210601,1
000002,20210602,1
000002,20210603,1
000002,20210604,1
000002,20210607,1
000002,20210608,1
000003,20210313,1
000003,20210314,1
000003,20210320,1
000003,20210321,1
000003,20210327,1
000003,20210328,1
000003,20210403,1
000003,20210404,1
000003,20210405,1
000003,20210410,1
000003,20210411,1
000003,20210417,1
000003,20210418,1
000003,20210424,1
000003,20210425,1
000003,20210501,1
000003,20210502,1
000003,20210508,1
000003,20210509,1
000003,20210513,1
000003,20210515,1
000003,20210516,1
000003,20210522,1
000003,20210524,1
000003,20210529,1
000003,20210530,1
000003,20210605,1
000003,20210606,1
000004,20210322,1
000004,20210326,1
000005,20210309,1
000005,20210310,1
000005,20210311,1
000005,20210312,1
000005,20210315,1
000005,20210316,1
000005,20210317,1
000005,20210318,1
000005,20210319,1
000005,20210322,1
000005,20210323,1
000005,20210324,1
000005,20210325,1
000005,20210326,1
000005,20210329,1
000005,20210330,1
000005,20210331,1
000005,20210401,1
000005,20210402,1
000005,20210404,1
000006,20210313,1
000006,20210314,1
000006,20210320,1
000006,20210321,1
000006,20210327,1
000006,20210328,1
000006,20210403,1
000006,20210405,1
000006,20210406,1
000006,20210407,1
000006,20210408,1
000006,20210409,1
000006,20210410,1
000006,20210411,1
000006,20210412,1
000006,20210413,1
000006,20210414,1
000006,20210415,1
000006,20210416,1
000006,20210417,1
000006,20210418,1
000006,20210419,1
000006,20210420,1
000006,20210421,1
000006,20210422,1
000006,20210423,1
000006,20210424,1
000006,20210425,1
000006,20210426,1
000006,20210427,1
000006,20210428,1
000006,20210429,1
000006,20210430,1
000006,20210501,1
000006,20210502,1
000006,20210503,1
000006,20210504,1
000006,20210505,1
000006,20210506,1
000006,20210507,1
000006,20210508,1
000006,20210509,1
000006,20210510,1
000006,20210511,1
000006,20210512,1
000006,20210513,1
000006,20210514,1
000006,20210515,1
000006,20210516,1
000006,20210517,1
000006,20210518,1
000006,20210519,1
000006,20210520,1
000006,20210521,1
000006,20210522,1
000006,20210524,1
000006,20210525,1
000006,20210526,1
000006,20210527,1
000006,20210528,1
000006,20210529,1
000006,20210530,1
000006,20210531,1
000006,20210601,1
000006,20210602,1
000006,20210603,1
000006,20210604,1
000006,20210605,1
000006,20210606,1
000006,20210607,1
000006,20210608,1
000007,20210412,1
000007,20210413,1
000007,20210414,1
000007,20210415,1
000007,20210416,1
000007,20210426,1
000007,20210427,1
000007,20210428,1
000007,20210429,1
000007,20210430,1
000007,20210510,1
000007,20210511,1
000007,20210512,1
000008,20210309,1
000008,20210310,1
000008,20210311,1
000008,20210312,1
000008,20210313,1
000008,20210314,1
000008,20210315,1
000008,20210316,1
000008,20210317,1
000008,20210318,1
000008,20210319,1
000008,20210320,1
000008,20210321,1
000008,20210322,1
000008,20210323,1
000008,20210324,1
000008,20210325,1
000008,20210326,1
000008,20210327,1
000008,20210328,1
000008,20210329,1
000008,20210330,1
000008,20210331,1
000008,20210401,1
000008,20210402,1
000008,20210403,1
000008,20210404,1
000008,20210405,1
000008,20210406,1
000008,20210407,1
000008,20210408,1
000008,20210409,1
000008,20210410,1
000008,20210411,1
000008,20210417,1
000008,20210418,1
000008,20210419,1
000008,20210420,1
000008,20210421,1
000008,20210422,1
000008,20210423,1
000008,20210424,1
000008,20210425,1
000008,20210501,1
000008,20210502,1
000008,20210503,1
000008,20210504,1
000008,20210505,1
000008,20210506,1
000008,20210507,1
000008,20210508,1
000008,20210509,1
000008,20210513,1
000008,20210514,1
000008,20210515,1
000008,20210516,1
000008,20210517,1
000008,20210518,1
000008,20210519,1
000008,20210520,1
000008,20210521,1
000008,20210522,1
000008,20210523,1
000008,20210524,1
000008,20210525,1
000008,20210526,1
000008,20210527,1
000008,20210528,1
000008,20210529,1
000008,20210530,1
000008,20210531,1
000008,20210601,1
000008,20210602,1
000008,20210603,1
000008,20210604,1
000008,20210605,1
000008,20210606,1
000008,20210607,1
000008,20210608,1
000009,20210405,1
000009,20210410,1
000009,20210411,1
000009,20210417,1
000009,20210418,1
000009,20210424,1
000009,20210425,1
000009,20210501,1
000009,20210502,1
000009,20210508,1
000009,20210509,1
000009,20210513,1
000009,20210515,1
000009,20210516,1
000009,20210522,1
000009,20210523,1
000009,20210524,1
000009,20210529,1
000009,20210530,1
000009,20210605,1
000009,20210606,1
000010,20210408,1
000010,20210409,1
000010,20210412,1
000010,20210413,1
000010,20210414,1
000010,20210415,1
000010,20210416,1
000010,20210419,1
000010,20210420,1
000010,20210421,1
000010,20210422,1
000010,20210423,1
000010,20210426,1
000010,20210427,1
000010,20210428,1
000010,20210429,1
000010,20210430,1
000010,20210503,1
000010,20210504,1
000010,20210505,1
000010,20210506,1
000010,20210507,1
000010,20210510,1
000010,20210511,1
000010,20210512,1
000010,20210514,1
000010,20210517,1
000010,20210518,1
000010,20210519,1
000010,20210520,1
000010,20210521,1
000010,20210525,1
000010,20210526,1
000010,20210527,1
000010,20210528,1
000010,20210531,1
000010,20210601,1
000010,20210602,1
000010,20210603,1
000010,20210604,1
000010,20210607,1
000010,20210608,1
000011,20210404,1
000012,20210309,1
000012,20210310,1
000012,20210311,1
000012,20210312,1
000012,20210315,1
000012,20210316,1
000012,20210317,1
000012,20210318,1
000012,20210319,1
000012,20210322,1
000012,20210323,1
000012,20210324,1
000012,20210325,1
000012,20210326,1
000012,20210329,1
000012,20210330,1
000012,20210331,1
000012,20210401,1
000012,20210402,1
000013,20210313,1
000013,20210314,1
000013,20210320,1
000013,20210321,1
000013,20210327,1
000013,20210328,1
000013,20210403,1
000013,20210405,1
000013,20210410,1
000013,20210411,1
000013,20210417,1
000013,20210418,1
000013,20210424,1
000013,20210425,1
000013,20210501,1
000013,20210502,1
000013,20210508,1
000013,20210509,1
000013,20210513,1
000013,20210515,1
000013,20210516,1
000013,20210522,1
000013,20210523,1
000013,20210524,1
000013,20210529,1
000013,20210530,1
000013,20210605,1
000013,20210606,1
000014,20210406,1
000014,20210407,1
000014,20210408,1
000014,20210409,1
000014,20210412,1
000014,20210413,1
000014,20210414,1
000014,20210415,1
000014,20210416,1
000014,20210419,1
000014,20210420,1
000014,20210421,1
000014,20210422,1
000014,20210423,1
000014,20210426,1
000014,20210427,1
000014,20210428,1
000014,20210429,1
000014,20210430,1
000014,20210503,1
000014,20210504,1
000014,20210505,1
000014,20210506,1
000014,20210507,1
000014,20210510,1
000014,20210511,1
000014,20210512,1
000014,20210514,1
000014,20210517,1
000014,20210518,1
000014,20210519,1
000014,20210520,1
000014,20210521,1
000014,20210525,1
000014,20210526,1
000014,20210527,1
000014,20210528,1
000014,20210531,1
000014,20210601,1
000014,20210602,1
000014,20210603,1
000014,20210604,1
000014,20210607,1
000014,20210608,1
000015,20210408,1
000015,20210409,1
000015,20210410,1
000015,20210412,1
000015,20210413,1
000015,20210414,1
000015,20210415,1
000015,20210416,1
000015,20210417,1
000015,20210419,1
000015,20210420,1
000015,20210421,1
000015,20210422,1
000015,20210423,1
000015,20210424,1
000015,20210426,1
000015,20210427,1
000015,20210428,1
000015,20210429,1
000015,20210430,1
000015,20210503,1
000015,20210504,1
000015,20210505,1
000015,20210506,1
000015,20210507,1
000015,20210510,1
000015,20210511,1
000015,20210512,1
000015,20210514,1
000015,20210515,1
000015,20210517,1
000015,20210518,1
000015,20210519,1
000015,20210520,1
000015,20210521,1
000015,20210522,1
000015,20210525,1
000015,20210526,1
000015,20210527,1
000015,20210528,1
000015,20210529,1
000015,20210531,1
000015,20210601,1
000015,20210602,1
000015,20210603,1
000015,20210604,1
000015,20210605,1
000015,20210607,1
000015,20210608,1
000016,20210405,1
000016,20210411,1
000016,20210418,1
000016,20210425,1
000016,20210501,1
000016,20210502,1
000016,20210508,1
000016,20210509,1
000016,20210513,1
000016,20210516,1
000016,20210523,1
000016,20210524,1
000016,20210530,1
000016,20210606,1
000017,20210524,1
000018,20210314,1
000018,20210321,1
000018,20210328,1
000018,20210404,1
000018,20210411,1
000018,20210418,1
000018,20210425,1
000018,20210501,1
000018,20210502,1
000018,20210508,1
000018,20210509,1
000018,20210513,1
000018,20210516,1
000018,20210523,1
000018,20210530,1
000018,20210606,1
000019,20210311,1
000019,20210312,1
000019,20210313,1
000019,20210318,1
000019,20210319,1
000019,20210320,1
000019,20210325,1
000019,20210326,1
000019,20210327,1
000019,20210401,1
000019,20210402,1
000019,20210403,1
000019,20210408,1
000019,20210409,1
000019,20210410,1
000019,20210412,1
000019,20210413,1
000019,20210414,1
000019,20210415,1
000019,20210416,1
000019,20210417,1
000019,20210419,1
000019,20210420,1
000019,20210421,1
000019,20210422,1
000019,20210423,1
000019,20210424,1
000019,20210426,1
000019,20210427,1
000019,20210428,1
000019,20210429,1
000019,20210430,1
000019,20210503,1
000019,20210504,1
000019,20210505,1
000019,20210506,1
000019,20210507,1
000019,20210510,1
000019,20210511,1
000019,20210512,1
000019,20210514,1
000019,20210515,1
000019,20210517,1
000019,20210518,1
000019,20210519,1
000019,20210520,1
000019,20210521,1
000019,20210522,1
000019,20210525,1
000019,20210526,1
000019,20210527,1
000019,20210528,1
000019,20210529,1
000019,20210531,1
000019,20210601,1
000019,20210602,1
000019,20210603,1
000019,20210604,1
000019,20210605,1
000019,20210607,1
000019,20210608,1
000020,20210412,1
000020,20210413,1
000020,20210414,1
000020,20210415,1
000020,20210426,1
000020,20210427,1
000020,20210428,1
000020,20210429,1
000020,20210510,1
000020,20210511,1
000021,20210309,1
000021,20210310,1
000021,20210311,1
000021,20210312,1
000021,20210315,1
000021,20210316,1
000021,20210317,1
000021,20210318,1
000021,20210319,1
000021,20210322,1
000021,20210323,1
000021,20210324,1
000021,20210325,1
000021,20210326,1
000021,20210329,1
000021,20210330,1
000021,20210331,1
000021,20210401,1
000021,20210402,1
000021,20210406,1
000021,20210407,1
000021,20210408,1
000021,20210409,1
000021,20210416,1
000021,20210419,1
000021,20210420,1
000021,20210421,1
000021,20210422,1
000021,20210423,1
000021,20210430,1
000021,20210503,1
000021,20210504,1
000021,20210505,1
000021,20210506,1
000021,20210507,1
000021,20210512,1
000021,20210517,1
000021,20210518,1
000021,20210519,1
000021,20210520,1
000021,20210521,1
000021,20210525,1
000021,20210526,1
000021,20210527,1
000021,20210528,1
000021,20210531,1
000021,20210601,1
000021,20210602,1
000021,20210603,1
000021,20210604,1
000021,20210607,1
000021,20210608,1
000022,20210411,1
000022,20210425,1
000022,20210509,1
000023,20210514,1
000024,20210313,1
000024,20210314,1
000024,20210320,1
000024,20210321,1
000024,20210327,1
000024,20210328,1
000024,20210403,1
000024,20210404,1
000024,20210405,1
000024,20210410,1
000024,20210417,1
000024,20210418,1
000024,20210424,1
000024,20210501,1
000024,20210502,1
000024,20210508,1
000024,20210513,1
000024,20210515,1
000024,20210516,1
000024,20210522,1
000024,20210523,1
000024,20210524,1
000024,20210529,1
000024,20210530,1
000024,20210605,1
000024,20210606,1
000025,20210309,1
000025,20210310,1
000025,20210311,1
000025,20210312,1
000025,20210313,1
000025,20210315,1
000025,20210316,1
000025,20210317,1
000025,20210318,1
000025,20210319,1
000025,20210320,1
000025,20210322,1
000025,20210323,1
000025,20210324,1
000025,20210325,1
000025,20210326,1
000025,20210327,1
000025,20210329,1
000025,20210330,1
000025,20210331,1
000025,20210401,1
000025,20210402,1
000025,20210403,1
000025,20210406,1
000025,20210407,1
000025,20210408,1
000025,20210409,1
000025,20210410,1
000025,20210412,1
000025,20210413,1
000025,20210414,1
000025,20210415,1
000025,20210416,1
000025,20210417,1
000025,20210419,1
000025,20210420,1
000025,20210421,1
000025,20210422,1
000025,20210423,1
000025,20210424,1
000025,20210426,1
000025,20210427,1
000025,20210428,1
000025,20210429,1
000025,20210430,1
000025,20210503,1
000025,20210504,1
000025,20210505,1
000025,20210506,1
000025,20210507,1
000025,20210508,1
000025,20210510,1
000025,20210511,1
000025,20210512,1
000025,20210514,1
000025,20210515,1
000025,20210517,1
000025,20210518,1
000025,20210519,1
000025,20210520,1
000025,20210521,1
000025,20210522,1
000025,20210525,1
000025,20210526,1
000025,20210527,1
000025,20210528,1
000025,20210529,1
000025,20210531,1
000025,20210601,1
000025,20210602,1
000025,20210603,1
000025,20210604,1
000025,20210605,1
000025,20210607,1
000025,20210608,1
000026,20210314,1
000026,20210321,1
000026,20210328,1
000026,20210404,1
000026,20210405,1
000026,20210411,1
000026,20210418,1
000026,20210425,1
000026,20210501,1
000026,20210502,1
000026,20210509,1
000026,20210513,1
000026,20210516,1
000026,20210523,1
000026,20210524,1
000026,20210530,1
000026,20210606,1
000027,20210309,1
000027,20210310,1
000027,20210311,1
000027,20210312,1
000027,20210313,1
000027,20210315,1
000027,20210316,1
000027,20210317,1
000027,20210318,1
000027,20210319,1
000027,20210320,1
000027,20210322,1
000027,20210323,1
000027,20210324,1
000027,20210325,1
000027,20210326,1
000027,20210327,1
000027,20210329,1
000027,20210330,1
000027,20210331,1
000027,20210401,1
000027,20210402,1
000027,20210403,1
000027,20210406,1
000027,20210407,1
000027,20210408,1
000027,20210409,1
000027,20210410,1
000027,20210412,1
000027,20210413,1
000027,20210414,1
000027,20210416,1
000027,20210417,1
000027,20210419,1
000027,20210420,1
000027,20210421,1
000027,20210422,1
000027,20210423,1
000027,20210424,1
000027,20210426,1
000027,20210427,1
000027,20210428,1
000027,20210429,1
000027,20210430,1
000027,20210503,1
000027,20210504,1
000027,20210505,1
000027,20210506,1
000027,20210507,1
000027,20210508,1
000027,20210510,1
000027,20210511,1
000027,20210512,1
000027,20210514,1
000027,20210515,1
000027,20210517,1
000027,20210518,1
000027,20210519,1
000027,20210520,1
000027,20210521,1
000027,20210522,1
000027,20210525,1
000027,20210526,1
000027,20210527,1
000027,20210528,1
000027,20210529,1
000027,20210531,1
000027,20210601,1
000027,20210602,1
000027,20210603,1
000027,20210604,1
000027,20210605,1
000027,20210607,1
000027,20210608,1
000028,20210518,1
000028,20210519,1
000028,20210520,1
000028,20210521,1
000029,20210526,1
000029,20210527,1
000029,20210528,1
000029,20210601,1
000029,20210602,1
000029,20210603,1
000029,20210604,1
000029,20210608,1
000030,20210309,1
000030,20210310,1
000030,20210311,1
000030,20210312,1
000030,20210316,1
000030,20210317,1
000030,20210318,1
000030,20210319,1
000030,20210323,1
000030,20210324,1
000030,20210325,1
000030,20210326,1
000030,20210330,1
000030,20210331,1
000030,20210401,1
000030,20210402,1
000030,20210406,1
000030,20210407,1
000030,20210408,1
000030,20210409,1
000030,20210413,1
000030,20210414,1
000030,20210415,1
000030,20210416,1
000030,20210420,1
000030,20210421,1
000030,20210422,1
000030,20210423,1
000030,20210427,1
000030,20210428,1
000030,20210429,1
000030,20210430,1
000030,20210504,1
000030,20210505,1
000030,20210506,1
000030,20210507,1
000030,20210511,1
000030,20210512,1
000030,20210525,1
000031,20210315,1
000031,20210322,1
000031,20210329,1
000031,20210412,1
000031,20210419,1
000031,20210426,1
000031,20210503,1
000031,20210510,1
000031,20210517,1
000031,20210531,1
000031,20210607,1
000032,20210309,1
000032,20210310,1
000032,20210311,1
000032,20210312,1
000032,20210313,1
000032,20210315,1
000032,20210316,1
000032,20210317,1
000032,20210318,1
000032,20210319,1
000032,20210320,1
000032,20210322,1
000032,20210323,1
000032,20210324,1
000032,20210325,1
000032,20210326,1
000032,20210327,1
000032,20210329,1
000032,20210330,1
000032,20210331,1
000032,20210401,1
000032,20210402,1
000032,20210403,1
000032,20210406,1
000032,20210407,1
000032,20210408,1
000032,20210409,1
000032,20210410,1
000032,20210412,1
000032,20210413,1
000032,20210414,1
000032,20210415,1
000032,20210416,1
000032,20210417,1
000032,20210419,1
000032,20210420,1
000032,20210421,1
000032,20210422,1
000032,20210423,1
000032,20210424,1
000032,20210426,1
000032,20210427,1
000032,20210428,1
000032,20210429,1
000032,20210430,1
000032,20210501,1
000032,20210503,1
000032,20210504,1
000032,20210505,1
000032,20210506,1
000032,20210507,1
000032,20210508,1
000032,20210510,1
000032,20210511,1
000032,20210512,1
000032,20210513,1
000032,20210517,1
000032,20210518,1
000032,20210519,1
000032,20210520,1
000032,20210521,1
000032,20210522,1
000032,20210525,1
000032,20210526,1
000032,20210527,1
000032,20210528,1
000032,20210529,1
000032,20210531,1
000032,20210601,1
000032,20210602,1
000032,20210603,1
000032,20210604,1
000032,20210605,1
000032,20210607,1
000032,20210608,1
000033,20210309,1
000033,20210310,1
000033,20210311,1
000033,20210312,1
000033,20210315,1
000033,20210316,1
000033,20210317,1
000033,20210318,1
000033,20210319,1
000033,20210322,1
000033,20210323,1
000033,20210324,1
000033,20210325,1
000033,20210326,1
000033,20210329,1
000033,20210330,1
000033,20210331,1
000033,20210401,1
000033,20210402,1
000033,20210406,1
000033,20210407,1
000033,20210408,1
000033,20210409,1
000033,20210411,1
000033,20210412,1
000033,20210413,1
000033,20210414,1
000033,20210415,1
000033,20210416,1
000033,20210418,1
000033,20210419,1
000033,20210420,1
000033,20210421,1
000033,20210422,1
000033,20210423,1
000033,20210425,1
000033,20210426,1
000033,20210427,1
000033,20210428,1
000033,20210429,1
000033,20210430,1
000033,20210503,1
000033,20210504,1
000033,20210505,1
000033,20210506,1
000033,20210507,1
000033,20210509,1
000033,20210510,1
000033,20210511,1
000033,20210512,1
000033,20210517,1
000033,20210525,1
000033,20210530,1
000033,20210531,1
000033,20210606,1
000033,20210607,1
000034,20210529,1
000034,20210605,1
000035,20210313,1
000035,20210320,1
000035,20210327,1
000035,20210403,1
000035,20210410,1
000035,20210417,1
000035,20210424,1
000035,20210501,1
000035,20210508,1
000035,20210513,1
000035,20210522,1
000036,20210411,1
000036,20210418,1
000036,20210425,1
000036,20210509,1
000036,20210530,1
000036,20210606,1
000037,20210408,1
000037,20210409,1
000037,20210412,1
000037,20210413,1
000037,20210414,1
000037,20210415,1
000037,20210416,1
000037,20210419,1
000037,20210420,1
000037,20210421,1
000037,20210422,1
000037,20210423,1
000037,20210426,1
000037,20210427,1
000037,20210428,1
000037,20210429,1
000037,20210430,1
000037,20210503,1
000037,20210504,1
000037,20210505,1
000037,20210506,1
000037,20210507,1
000037,20210510,1
000037,20210511,1
000037,20210512,1
000037,20210517,1
000037,20210518,1
000037,20210519,1
000037,20210520,1
000037,20210521,1
000037,20210525,1
000037,20210526,1
000037,20210527,1
000037,20210528,1
000037,20210531,1
000037,20210601,1
000037,20210602,1
000037,20210603,1
000037,20210604,1
000037,20210607,1
000037,20210608,1
000038,20210522,1
000039,20210513,1
000040,20210403,1
000040,20210423,1
000040,20210424,1
000040,20210430,1
000041,20210401,1
000041,20210402,1
000041,20210406,1
000041,20210407,1
000042,20210313,1
000042,20210320,1
000042,20210321,1
000042,20210327,1
000042,20210328,1
000042,20210408,1
000042,20210409,1
000042,20210410,1
000042,20210411,1
000042,20210412,1
000042,20210413,1
000042,20210414,1
000042,20210415,1
000042,20210416,1
000042,20210417,1
000042,20210418,1
000042,20210419,1
000042,20210420,1
000042,20210421,1
000042,20210422,1
000042,20210425,1
000042,20210426,1
000042,20210427,1
000042,20210428,1
000042,20210429,1
000042,20210501,1
000042,20210503,1
000042,20210504,1
000042,20210505,1
000042,20210506,1
000042,20210507,1
000042,20210508,1
000042,20210509,1
000042,20210510,1
000042,20210511,1
000042,20210512,1
000042,20210517,1
000042,20210518,1
000042,20210519,1
000042,20210520,1
000042,20210521,1
000042,20210525,1
000042,20210526,1
000042,20210527,1
000042,20210528,1
000042,20210529,1
000042,20210530,1
000042,20210531,1
000042,20210601,1
000042,20210602,1
000042,20210603,1
000042,20210604,1
000042,20210605,1
000042,20210606,1
000042,20210607,1
000042,20210608,1
000043,20210309,1
000043,20210310,1
000043,20210311,1
000043,20210312,1
000043,20210315,1
000043,20210316,1
000043,20210317,1
000043,20210318,1
000043,20210319,1
000043,20210322,1
000043,20210323,1
000043,20210324,1
000043,20210325,1
000043,20210326,1
000043,20210329,1
000043,20210330,1
000043,20210331,1
000044,20210412,1
000044,20210413,1
000044,20210414,1
000044,20210419,1
000044,20210420,1
000044,20210421,1
000044,20210426,1
000044,20210427,1
000044,20210428,1
000044,20210503,1
000044,20210504,1
000044,20210505,1
000045,20210408,1
000045,20210415,1
000045,20210422,1
000045,20210429,1
000045,20210506,1
000046,20210520,1
000046,20210527,1
000046,20210603,1
000047,20210409,1
000047,20210416,1
000047,20210423,1
000047,20210430,1
000047,20210507,1
000047,20210510,1
000047,20210511,1
000047,20210512,1
000047,20210517,1
000047,20210518,1
000047,20210519,1
000047,20210521,1
000047,20210525,1
000047,20210526,1
000047,20210528,1
000047,20210531,1
000047,20210601,1
000047,20210602,1
000047,20210604,1
000047,20210607,1
000047,20210608,1
000048,20210403,1
000048,20210408,1
000048,20210409,1
000048,20210410,1
000048,20210412,1
000048,20210413,1
000048,20210414,1
000048,20210415,1
000048,20210416,1
000048,20210417,1
000048,20210419,1
000048,20210420,1
000048,20210421,1
000048,20210422,1
000048,20210423,1
000048,20210424,1
000048,20210426,1
000048,20210427,1
000048,20210428,1
000048,20210429,1
000048,20210430,1
000048,20210501,1
000048,20210503,1
000048,20210504,1
000048,20210505,1
000048,20210506,1
000048,20210507,1
000048,20210508,1
000048,20210510,1
000048,20210511,1
000048,20210512,1
000048,20210513,1
000048,20210517,1
000048,20210518,1
000048,20210519,1
000048,20210520,1
000048,20210521,1
000048,20210522,1
000048,20210525,1
000048,20210526,1
000048,20210527,1
000048,20210528,1
000048,20210529,1
000048,20210531,1
000048,20210601,1
000048,20210602,1
000048,20210603,1
000048,20210604,1
000048,20210605,1
000048,20210607,1
000048,20210608,1
000049,20210403,1
000049,20210522,1
000050,20210321,1
000050,20210328,1
000050,20210410,1
000050,20210411,1
000050,20210417,1
000050,20210418,1
000050,20210424,1
000050,20210425,1
000050,20210501,1
000050,20210508,1
000050,20210509,1
000050,20210529,1
000050,20210530,1
000050,20210605,1
000050,20210606,1
000051,20210321,1
000052,20210328,1
000052,20210411,1
000052,20210418,1
000052,20210425,1
000052,20210509,1
000052,20210530,1
000052,20210606,1
000053,20210411,1
000053,20210418,1
000053,20210425,1
000053,20210502,1
000053,20210509,1
000053,20210530,1
000053,20210606,1
000054,20210313,1
000054,20210320,1
000054,20210327,1
000055,20210408,1
000055,20210409,1
000055,20210410,1
000055,20210412,1
000055,20210413,1
000055,20210414,1
000055,20210415,1
000055,20210416,1
000055,20210417,1
000055,20210419,1
000055,20210420,1
000055,20210421,1
000055,20210422,1
000055,20210423,1
000055,20210424,1
000055,20210426,1
000055,20210427,1
000055,20210428,1
000055,20210429,1
000055,20210430,1
000055,20210501,1
000055,20210503,1
000055,20210504,1
000055,20210505,1
000055,20210506,1
000055,20210507,1
000055,20210508,1
000055,20210510,1
000055,20210511,1
000055,20210512,1
000055,20210513,1
000055,20210517,1
000055,20210518,1
000055,20210519,1
000055,20210520,1
000055,20210521,1
000055,20210525,1
000055,20210526,1
000055,20210527,1
000055,20210528,1
000055,20210529,1
000055,20210531,1
000055,20210601,1
000055,20210602,1
000055,20210603,1
000055,20210604,1
000055,20210605,1
000055,20210607,1
000055,20210608,1
000056,20210314,1
000056,20210411,1
000056,20210418,1
000056,20210425,1
000056,20210502,1
000056,20210509,1
000056,20210530,1
000056,20210606,1
000057,20210516,1
000058,20210410,1
000058,20210417,1
000058,20210424,1
000058,20210501,1
000058,20210508,1
000058,20210529,1
000058,20210605,1
000059,20210314,1
000060,20210315,1
000060,20210316,1
000060,20210317,1
000060,20210318,1
000060,20210322,1
000060,20210323,1
000060,20210324,1
000060,20210325,1
000060,20210406,1
000060,20210407,1
000060,20210408,1
000060,20210409,1
000060,20210426,1
000060,20210427,1
000060,20210428,1
000061,20210309,1
000061,20210310,1
000061,20210311,1
000061,20210312,1
000061,20210319,1
000061,20210326,1
000061,20210329,1
000061,20210330,1
000061,20210331,1
000061,20210401,1
000061,20210402,1
000061,20210412,1
000061,20210413,1
000061,20210414,1
000061,20210415,1
000061,20210416,1
000061,20210419,1
000061,20210420,1
000061,20210421,1
000061,20210422,1
000061,20210423,1
000061,20210429,1
000061,20210430,1
000061,20210503,1
000061,20210504,1
000061,20210505,1
000061,20210506,1
000061,20210507,1
000061,20210510,1
000061,20210511,1
000061,20210512,1
000061,20210517,1
000061,20210518,1
000061,20210519,1
000061,20210520,1
000061,20210521,1
000061,20210525,1
000061,20210526,1
000061,20210527,1
000061,20210528,1
000061,20210531,1
000061,20210601,1
000061,20210602,1
000061,20210603,1
000061,20210604,1
000061,20210607,1
000061,20210608,1
000062,20210313,1
000062,20210320,1
000062,20210327,1
000062,20210410,1
000062,20210417,1
000062,20210424,1
000062,20210501,1
000062,20210508,1
000062,20210529,1
000062,20210605,1
000063,20210405,1
000064,20210313,1
000064,20210314,1
000064,20210320,1
000064,20210321,1
000065,20210309,1
000065,20210310,1
000065,20210311,1
000065,20210312,1
000065,20210315,1
000065,20210316,1
000065,20210317,1
000065,20210318,1
000065,20210319,1
000065,20210322,1
000065,20210323,1
000065,20210324,1
000065,20210325,1
000065,20210326,1
000065,20210327,1
000065,20210328,1
000065,20210329,1
000065,20210330,1
000065,20210331,1
000065,20210401,1
000065,20210402,1
000065,20210406,1
000065,20210407,1
000065,20210408,1
000065,20210409,1
000065,20210410,1
000065,20210411,1
000065,20210412,1
000065,20210413,1
000065,20210414,1
000065,20210415,1
000065,20210416,1
000065,20210417,1
000065,20210418,1
000065,20210419,1
000065,20210420,1
000065,20210421,1
000065,20210422,1
000065,20210423,1
000065,20210424,1
000065,20210425,1
000065,20210426,1
000065,20210427,1
000065,20210428,1
000065,20210429,1
000065,20210430,1
000065,20210501,1
000065,20210502,1
000065,20210503,1
000065,20210504,1
000065,20210505,1
000065,20210506,1
000065,20210507,1
000065,20210508,1
000065,20210509,1
000065,20210510,1
000065,20210511,1
000065,20210512,1
000065,20210516,1
000065,20210517,1
000065,20210518,1
000065,20210519,1
000065,20210520,1
000065,20210521,1
000065,20210525,1
000065,20210526,1
000065,20210527,1
000065,20210528,1
000065,20210529,1
000065,20210530,1
000065,20210531,1
000065,20210601,1
000065,20210602,1
000065,20210603,1
000065,20210604,1
000065,20210605,1
000065,20210606,1
000065,20210607,1
000065,20210608,1
000066,20210314,1
000066,20210321,1
000066,20210328,1
000066,20210411,1
000066,20210418,1
000066,20210425,1
000066,20210502,1
000066,20210509,1
000066,20210516,1
000066,20210530,1
000066,20210606,1
000067,20210405,1
000067,20210516,1
000067,20210524,1
000068,20210313,1
000068,20210314,1
000068,20210320,1
000068,20210321,1
000068,20210327,1
000068,20210328,1
000068,20210410,1
000068,20210411,1
000068,20210417,1
000068,20210418,1
000068,20210424,1
000068,20210425,1
000068,20210501,1
000068,20210502,1
000068,20210508,1
000068,20210509,1
000068,20210529,1
000068,20210530,1
000068,20210605,1
000068,20210606,1
000069,20210401,1
000069,20210422,1
000070,20210525,1
000070,20210526,1
000070,20210527,1
000070,20210528,1
000070,20210531,1
000070,20210601,1
000070,20210602,1
000070,20210603,1
000070,20210604,1
000070,20210607,1
000070,20210608,1
000071,20210309,1
000071,20210310,1
000071,20210311,1
000071,20210312,1
000071,20210316,1
000071,20210317,1
000071,20210318,1
000071,20210319,1
000071,20210322,1
000071,20210323,1
000071,20210324,1
000071,20210325,1
000071,20210326,1
000071,20210329,1
000071,20210330,1
000071,20210331,1
000071,20210402,1
000071,20210406,1
000071,20210407,1
000071,20210408,1
000071,20210409,1
000071,20210412,1
000071,20210413,1
000071,20210414,1
000071,20210415,1
000071,20210416,1
000071,20210419,1
000071,20210420,1
000071,20210421,1
000071,20210423,1
000071,20210426,1
000071,20210427,1
000071,20210428,1
000071,20210429,1
000071,20210430,1
000071,20210504,1
000071,20210505,1
000071,20210506,1
000071,20210507,1
000071,20210510,1
000071,20210511,1
000071,20210512,1
000071,20210517,1
000071,20210518,1
000071,20210519,1
000071,20210520,1
000071,20210521,1
000072,20210405,1
000072,20210411,1
000072,20210418,1
000072,20210425,1
000072,20210502,1
000072,20210509,1
000072,20210516,1
000072,20210524,1
000072,20210530,1
000072,20210606,1
000073,20210312,1
000073,20210313,1
000073,20210319,1
000073,20210320,1
000074,20210314,1
000074,20210315,1
000074,20210321,1
000074,20210322,1
000075,20210309,1
000075,20210310,1
000075,20210311,1
000075,20210316,1
000075,20210317,1
000075,20210318,1
000075,20210323,1
000075,20210324,1
000075,20210325,1
000075,20210328,1
000075,20210329,1
000075,20210330,1
000075,20210331,1
000075,20210401,1
000075,20210406,1
000075,20210407,1
000075,20210408,1
000075,20210411,1
000075,20210412,1
000075,20210413,1
000075,20210414,1
000075,20210415,1
000075,20210418,1
000075,20210419,1
000075,20210420,1
000075,20210421,1
000075,20210422,1
000075,20210425,1
000075,20210426,1
000075,20210427,1
000075,20210428,1
000075,20210429,1
000075,20210502,1
000075,20210503,1
000075,20210504,1
000075,20210505,1
000075,20210506,1
000075,20210509,1
000075,20210510,1
000075,20210511,1
000075,20210512,1
000075,20210517,1
000075,20210518,1
000075,20210519,1
000075,20210520,1
000075,20210525,1
000075,20210526,1
000075,20210527,1
000075,20210530,1
000075,20210531,1
000075,20210601,1
000075,20210602,1
000075,20210603,1
000075,20210606,1
000075,20210607,1
000075,20210608,1
000076,20210326,1
000076,20210327,1
000076,20210402,1
000076,20210409,1
000076,20210410,1
000076,20210416,1
000076,20210417,1
000076,20210423,1
000076,20210424,1
000076,20210430,1
000076,20210501,1
000076,20210507,1
000076,20210508,1
000076,20210521,1
000076,20210528,1
000076,20210529,1
000076,20210604,1
000076,20210605,1
000077,20210314,1
000077,20210321,1
000078,20210328,1
000078,20210411,1
000078,20210418,1
000078,20210425,1
000078,20210502,1
000078,20210509,1
000078,20210516,1
000078,20210530,1
000078,20210606,1
000079,20210405,1
000079,20210524,1
000080,20210309,1
000080,20210310,1
000080,20210311,1
000080,20210312,1
000080,20210313,1
000080,20210314,1
000080,20210315,1
000080,20210316,1
000080,20210317,1
000080,20210318,1
000080,20210319,1
000080,20210320,1
000080,20210321,1
000080,20210322,1
000080,20210323,1
000080,20210324,1
000080,20210325,1
000080,20210326,1
000080,20210327,1
000080,20210328,1
000080,20210329,1
000080,20210330,1
000080,20210331,1
000080,20210401,1
000080,20210402,1
000080,20210405,1
000080,20210406,1
000080,20210407,1
000080,20210408,1
000080,20210409,1
000080,20210410,1
000080,20210411,1
000080,20210412,1
000080,20210413,1
000080,20210414,1
000080,20210415,1
000080,20210416,1
000080,20210417,1
000080,20210418,1
000080,20210419,1
000080,20210420,1
000080,20210421,1
000080,20210422,1
000080,20210423,1
000080,20210424,1
000080,20210425,1
000080,20210426,1
000080,20210427,1
000080,20210428,1
000080,20210429,1
000080,20210430,1
000080,20210501,1
000080,20210502,1
000080,20210503,1
000080,20210504,1
000080,20210505,1
000080,20210506,1
000080,20210507,1
000080,20210508,1
000080,20210509,1
000080,20210510,1
000080,20210511,1
000080,20210512,1
000080,20210516,1
000080,20210517,1
000080,20210518,1
000080,20210519,1
000080,20210520,1
000080,20210521,1
000080,20210524,1
000080,20210525,1
000080,20210526,1
000080,20210527,1
000080,20210528,1
000080,20210529,1
000080,20210530,1
000080,20210531,1
000080,20210601,1
000080,20210602,1
000080,20210603,1
000080,20210604,1
000080,20210605,1
000080,20210606,1
000080,20210607,1
000080,20210608,1
000081,20210516,1
000081,20210524,1
000082,20210312,1
000082,20210319,1
000082,20210326,1
000082,20210402,1
000082,20210409,1
000082,20210416,1
000082,20210423,1
000082,20210430,1
000082,20210507,1
000083,20210309,1
000083,20210310,1
000083,20210311,1
000083,20210315,1
000083,20210316,1
000083,20210317,1
000083,20210318,1
000083,20210322,1
000083,20210323,1
000083,20210324,1
000083,20210325,1
000083,20210329,1
000083,20210330,1
000083,20210331,1
000083,20210401,1
000083,20210406,1
000083,20210407,1
000083,20210408,1
000083,20210412,1
000083,20210413,1
000083,20210414,1
000083,20210415,1
000083,20210419,1
000083,20210420,1
000083,20210421,1
000083,20210422,1
000083,20210426,1
000083,20210427,1
000083,20210428,1
000083,20210429,1
000083,20210503,1
000083,20210504,1
000083,20210505,1
000083,20210506,1
000084,20210510,1
000084,20210511,1
000084,20210512,1
000084,20210517,1
000084,20210518,1
000084,20210519,1
000084,20210520,1
000084,20210521,1
000084,20210525,1
000084,20210526,1
000084,20210527,1
000084,20210528,1
000084,20210531,1
000084,20210601,1
000084,20210602,1
000084,20210603,1
000084,20210604,1
000084,20210607,1
000084,20210608,1
000085,20210313,1
000085,20210314,1
000085,20210320,1
000085,20210321,1
000085,20210327,1
000085,20210328,1
000085,20210405,1
000085,20210410,1
000085,20210411,1
000085,20210417,1
000085,20210418,1
000085,20210424,1
000085,20210425,1
000085,20210501,1
000085,20210502,1
000085,20210508,1
000085,20210509,1
000085,20210529,1
000085,20210530,1
000085,20210605,1
000085,20210606,1
000086,20210528,1
000086,20210604,1
000087,20210525,1
000087,20210526,1
000087,20210527,1
000087,20210531,1
000087,20210601,1
000087,20210602,1
000087,20210603,1
000087,20210607,1
000087,20210608,1
000088,20210408,1
000088,20210412,1
000088,20210413,1
000088,20210414,1
000088,20210415,1
000088,20210419,1
000088,20210420,1
000088,20210421,1
000088,20210422,1
000088,20210426,1
000088,20210427,1
000088,20210428,1
000088,20210429,1
000088,20210503,1
000088,20210504,1
000088,20210505,1
000088,20210506,1
000088,20210510,1
000088,20210511,1
000088,20210512,1
000088,20210517,1
000088,20210518,1
000088,20210519,1
000088,20210520,1
000089,20210409,1
000089,20210416,1
000089,20210423,1
000089,20210430,1
000089,20210507,1
000089,20210521,1
000090,20210408,1
000090,20210409,1
000090,20210411,1
000090,20210412,1
000090,20210413,1
000090,20210414,1
000090,20210415,1
000090,20210416,1
000090,20210418,1
000090,20210419,1
000090,20210420,1
000090,20210421,1
000090,20210422,1
000090,20210423,1
000090,20210425,1
000090,20210426,1
000090,20210427,1
000090,20210428,1
000090,20210429,1
000090,20210430,1
000090,20210502,1
000090,20210503,1
000090,20210504,1
000090,20210505,1
000090,20210506,1
000090,20210507,1
000090,20210509,1
000090,20210510,1
000090,20210511,1
000090,20210512,1
000090,20210516,1
000090,20210517,1
000090,20210518,1
000090,20210519,1
000090,20210520,1
000090,20210521,1
000090,20210525,1
000090,20210526,1
000090,20210527,1
000090,20210528,1
000090,20210530,1
000090,20210531,1
000090,20210601,1
000090,20210602,1
000090,20210603,1
000090,20210604,1
000090,20210606,1
000090,20210607,1
000090,20210608,1
000091,20210313,1
000091,20210501,1
000092,20210410,1
000092,20210417,1
000092,20210424,1
000092,20210508,1
000092,20210529,1
000092,20210605,1
000093,20210517,1
000093,20210518,1
000093,20210519,1
000093,20210520,1
000093,20210521,1
000094,20210309,1
000094,20210310,1
000094,20210311,1
000094,20210312,1
000094,20210313,1
000094,20210314,1
000094,20210315,1
000094,20210316,1
000094,20210317,1
000094,20210318,1
000094,20210319,1
000094,20210320,1
000094,20210321,1
000094,20210322,1
000094,20210323,1
000094,20210324,1
000094,20210325,1
000094,20210326,1
000094,20210327,1
000094,20210328,1
000094,20210329,1
000094,20210330,1
000094,20210331,1
000094,20210401,1
000094,20210402,1
000094,20210405,1
000094,20210406,1
000094,20210407,1
000094,20210408,1
000094,20210409,1
000094,20210410,1
000094,20210411,1
000094,20210412,1
000094,20210413,1
000094,20210414,1
000094,20210415,1
000094,20210416,1
000094,20210417,1
000094,20210418,1
000094,20210419,1
000094,20210420,1
000094,20210421,1
000094,20210422,1
000094,20210423,1
000094,20210424,1
000094,20210425,1
000094,20210426,1
000094,20210427,1
000094,20210428,1
000094,20210429,1
000094,20210430,1
000094,20210501,1
000094,20210502,1
000094,20210503,1
000094,20210504,1
000094,20210505,1
000094,20210506,1
000094,20210507,1
000094,20210508,1
000094,20210509,1
000094,20210510,1
000094,20210511,1
000094,20210512,1
000094,20210516,1
000094,20210524,1
000094,20210529,1
000094,20210530,1
000094,20210605,1
000094,20210606,1
000095,20210309,1
000095,20210310,1
000095,20210311,1
000095,20210312,1
000095,20210314,1
000095,20210315,1
000095,20210316,1
000095,20210317,1
000095,20210318,1
000095,20210319,1
000095,20210320,1
000095,20210321,1
000095,20210322,1
000095,20210323,1
000095,20210324,1
000095,20210325,1
000095,20210326,1
000095,20210327,1
000095,20210328,1
000095,20210329,1
000095,20210330,1
000095,20210331,1
000095,20210401,1
000095,20210402,1
000095,20210405,1
000095,20210406,1
000095,20210407,1
000095,20210408,1
000095,20210409,1
000095,20210410,1
000095,20210411,1
000095,20210412,1
000095,20210413,1
000095,20210414,1
000095,20210415,1
000095,20210416,1
000095,20210417,1
000095,20210418,1
000095,20210419,1
000095,20210420,1
000095,20210421,1
000095,20210422,1
000095,20210423,1
000095,20210424,1
000095,20210425,1
000095,20210426,1
000095,20210427,1
000095,20210428,1
000095,20210429,1
000095,20210430,1
000095,20210502,1
000095,20210503,1
000095,20210504,1
000095,20210505,1
000095,20210506,1
000095,20210507,1
000095,20210508,1
000095,20210509,1
000095,20210510,1
000095,20210511,1
000095,20210512,1
000095,20210516,1
000095,20210517,1
000095,20210518,1
000095,20210519,1
000095,20210520,1
000095,20210521,1
000095,20210524,1
000095,20210525,1
000095,20210526,1
000095,20210527,1
000095,20210528,1
000095,20210529,1
000095,20210530,1
000095,20210531,1
000095,20210601,1
000095,20210602,1
000095,20210603,1
000095,20210604,1
000095,20210605,1
000095,20210606,1
000095,20210607,1
000095,20210608,1
000096,20210327,1
000096,20210529,1
000097,20210405,1
000097,20210512,1
000097,20210524,1
000098,20210320,1
000098,20210508,1
000098,20210605,1
000099,20210410,1
000099,20210417,1
000100,20210314,1
000100,20210321,1
000100,20210328,1
000100,20210502,1
000100,20210509,1
000100,20210516,1
000100,20210530,1
000100,20210606,1
000101,20210424,1
000102,20210312,1
000102,20210319,1
000102,20210326,1
000102,20210402,1
000102,20210409,1
000102,20210412,1
000102,20210413,1
000102,20210414,1
000102,20210415,1
000102,20210416,1
000102,20210419,1
000102,20210420,1
000102,20210421,1
000102,20210422,1
000102,20210423,1
000102,20210430,1
000102,20210507,1
000102,20210521,1
000102,20210528,1
000102,20210604,1
000103,20210309,1
000103,20210310,1
000103,20210311,1
000103,20210315,1
000103,20210316,1
000103,20210317,1
000103,20210318,1
000103,20210322,1
000103,20210323,1
000103,20210324,1
000103,20210325,1
000103,20210329,1
000103,20210330,1
000103,20210331,1
000103,20210401,1
000103,20210406,1
000103,20210407,1
000103,20210408,1
000103,20210426,1
000103,20210427,1
000103,20210428,1
000103,20210429,1
000103,20210503,1
000103,20210504,1
000103,20210505,1
000103,20210506,1
000103,20210510,1
000103,20210511,1
000103,20210517,1
000103,20210518,1
000103,20210519,1
000103,20210520,1
000103,20210525,1
000103,20210526,1
000103,20210527,1
000103,20210531,1
000103,20210601,1
000103,20210602,1
000103,20210603,1
000103,20210607,1
000103,20210608,1
000104,20210401,1
000104,20210406,1
000104,20210407,1
000104,20210408,1
000104,20210426,1
000104,20210427,1
000104,20210428,1
000104,20210429,1
000104,20210503,1
000104,20210504,1
000104,20210505,1
000104,20210506,1
000104,20210510,1
000104,20210511,1
000104,20210517,1
000104,20210518,1
000104,20210519,1
000104,20210520,1
000104,20210525,1
000104,20210526,1
000104,20210527,1
000104,20210531,1
000104,20210601,1
000104,20210602,1
000104,20210603,1
000104,20210607,1
000104,20210608,1
000105,20210508,1
000105,20210529,1
000105,20210605,1
000106,20210402,1
000106,20210412,1
000106,20210413,1
000106,20210414,1
000106,20210415,1
000106,20210419,1
000106,20210420,1
000106,20210421,1
000106,20210422,1
000106,20210430,1
000106,20210512,1
000106,20210528,1
000106,20210604,1
000107,20210312,1
000108,20210320,1
000108,20210327,1
000108,20210328,1
000109,20210309,1
000109,20210310,1
000109,20210311,1
000110,20210606,1
000111,20210315,1
000111,20210316,1
000111,20210317,1
000111,20210318,1
000111,20210322,1
000111,20210323,1
000111,20210324,1
000111,20210325,1
000111,20210329,1
000111,20210330,1
000111,20210331,1
000112,20210410,1
000112,20210417,1
000112,20210424,1
000113,20210319,1
000113,20210326,1
000114,20210409,1
000114,20210416,1
000114,20210423,1
000114,20210507,1
000114,20210521,1
000115,20210502,1
000115,20210509,1
000115,20210516,1
000115,20210530,1
000116,20210320,1
000116,20210508,1
000117,20210314,1
000117,20210328,1
000117,20210502,1
000117,20210530,1
000117,20210606,1
000118,20210529,1
000119,20210605,1
000120,20210327,1
000121,20210417,1
000122,20210410,1
000123,20210321,1
000123,20210509,1
000124,20210323,1
000124,20210325,1
000124,20210329,1
000125,20210311,1
000125,20210315,1
000125,20210317,1
000125,20210318,1
000125,20210322,1
000125,20210330,1
000125,20210406,1
000125,20210412,1
000125,20210414,1
000125,20210419,1
000125,20210427,1
000125,20210428,1
000125,20210503,1
000125,20210504,1
000126,20210309,1
000126,20210310,1
000126,20210316,1
000126,20210324,1
000126,20210331,1
000126,20210401,1
000126,20210407,1
000126,20210408,1
000126,20210413,1
000126,20210415,1
000126,20210420,1
000126,20210421,1
000126,20210422,1
000126,20210426,1
000126,20210429,1
000126,20210505,1
000126,20210506,1
000126,20210510,1
000126,20210511,1
000127,20210312,1
000127,20210326,1
000127,20210402,1
000127,20210409,1
000127,20210416,1
000127,20210507,1
000128,20210319,1
000128,20210430,1
000128,20210512,1
000129,20210423,1
000130,20210309,1
000130,20210310,1
000130,20210311,1
000130,20210312,1
000130,20210313,1
000130,20210314,1
000130,20210315,1
000130,20210316,1
000130,20210317,1
000130,20210318,1
000130,20210319,1
000130,20210320,1
000130,20210321,1
000130,20210322,1
000130,20210323,1
000130,20210324,1
000130,20210325,1
000130,20210326,1
000130,20210327,1
000130,20210328,1
000130,20210329,1
000130,20210330,1
000130,20210331,1
000130,20210401,1
000130,20210402,1
000130,20210403,1
000130,20210404,1
000130,20210405,1
000130,20210406,1
000130,20210407,1
000130,20210408,1
000130,20210409,1
000130,20210410,1
000130,20210411,1
000130,20210412,1
000130,20210413,1
000130,20210414,1
000130,20210415,1
000130,20210416,1
000130,20210417,1
000130,20210418,1
000130,20210419,1
000130,20210420,1
000130,20210421,1
000130,20210422,1
000130,20210423,1
000130,20210424,1
000130,20210425,1
000130,20210426,1
000130,20210427,1
000130,20210428,1
000130,20210429,1
000130,20210430,1
000130,20210501,1
000130,20210502,1
000130,20210503,1
000130,20210504,1
000130,20210505,1
000130,20210506,1
000130,20210507,1
000130,20210508,1
000130,20210509,1
000130,20210510,1
000130,20210511,1
000130,20210512,1
000130,20210513,1
000130,20210514,1
000130,20210515,1
000130,20210516,1
000130,20210517,1
000130,20210518,1
000130,20210519,1
000130,20210520,1
000130,20210521,1
000130,20210522,1
000130,20210523,1
000130,20210524,1
000130,20210525,1
000130,20210526,1
000130,20210527,1
000130,20210528,1
000130,20210529,1
000130,20210530,1
000130,20210531,1
000130,20210601,1
000130,20210602,1
000130,20210603,1
000130,20210604,1
000130,20210605,1
000130,20210607,1
000130,20210608,1
000131,20210408,1
000131,20210409,1
000131,20210410,1
000131,20210411,1
000131,20210412,1
000131,20210413,1
000131,20210414,1
000131,20210415,1
000131,20210416,1
000131,20210417,1
000131,20210418,1
000131,20210419,1
000131,20210420,1
000131,20210421,1
000131,20210422,1
000131,20210423,1
000131,20210424,1
000131,20210425,1
000131,20210426,1
000131,20210427,1
000131,20210428,1
000131,20210429,1
000131,20210430,1
000131,20210501,1
000131,20210502,1
000131,20210503,1
000131,20210504,1
000131,20210505,1
000131,20210506,1
000131,20210507,1
000131,20210508,1
000131,20210509,1
000131,20210510,1
000131,20210511,1
000131,20210512,1
000131,20210513,1
000131,20210514,1
000131,20210515,1
000131,20210516,1
000131,20210517,1
000131,20210518,1
000131,20210519,1
000131,20210520,1
000131,20210521,1
000131,20210522,1
000131,20210523,1
000131,20210524,1
000131,20210525,1
000131,20210526,1
000131,20210527,1
000131,20210528,1
000131,20210529,1
000131,20210530,1
000131,20210531,1
000131,20210601,1
000131,20210602,1
000131,20210603,1
000131,20210604,1
000131,20210605,1
000131,20210606,1
000131,20210607,1
000131,20210608,1
000132,20210529,1
000132,20210530,1
000132,20210531,1
000132,20210601,1
000132,20210602,1
000132,20210603,1
000132,20210604,1
000132,20210605,1
000132,20210607,1
000132,20210608,1
000133,20210309,1
000133,20210310,1
000133,20210311,1
000133,20210312,1
000133,20210313,1
000133,20210314,1
000133,20210315,1
000133,20210316,1
000133,20210317,1
000133,20210318,1
000133,20210319,1
000133,20210320,1
000133,20210321,1
000133,20210322,1
000133,20210323,1
000133,20210324,1
000133,20210325,1
000133,20210326,1
000133,20210327,1
000133,20210328,1
000133,20210329,1
000133,20210330,1
000133,20210331,1
000133,20210401,1
000133,20210402,1
000133,20210403,1
000133,20210404,1
000133,20210405,1
000133,20210406,1
000133,20210407,1
000133,20210408,1
000133,20210409,1
000133,20210410,1
000133,20210411,1
000133,20210412,1
000133,20210413,1
000133,20210414,1
000133,20210415,1
000133,20210416,1
000133,20210417,1
000133,20210418,1
000133,20210419,1
000133,20210420,1
000133,20210421,1
000133,20210422,1
000133,20210423,1
000133,20210424,1
000133,20210425,1
000133,20210426,1
000133,20210427,1
000133,20210428,1
000133,20210429,1
000133,20210430,1
000133,20210501,1
000133,20210502,1
000133,20210503,1
000133,20210504,1
000133,20210505,1
000133,20210506,1
000133,20210507,1
000133,20210508,1
000133,20210509,1
000133,20210510,1
000133,20210511,1
000133,20210512,1
000133,20210513,1
000133,20210514,1
000133,20210515,1
000133,20210516,1
000133,20210517,1
000133,20210518,1
000133,20210519,1
000133,20210520,1
000133,20210521,1
000133,20210522,1
000133,20210523,1
000133,20210524,1
000133,20210525,1
000133,20210526,1
000133,20210527,1
000133,20210528,1
000134,20210309,1
000134,20210311,1
000134,20210315,1
000134,20210323,1
000134,20210325,1
000134,20210329,1
000134,20210330,1
000134,20210331,1
000134,20210406,1
000134,20210413,1
000134,20210414,1
000134,20210416,1
000134,20210419,1
000134,20210420,1
000134,20210421,1
000134,20210422,1
000134,20210427,1
000134,20210429,1
000134,20210430,1
000134,20210503,1
000134,20210505,1
000134,20210506,1
000134,20210507,1
000134,20210517,1
000134,20210520,1
000134,20210521,1
000134,20210526,1
000134,20210528,1
000134,20210531,1
000135,20210324,1
000135,20210602,1
000135,20210608,1
000136,20210310,1
000136,20210312,1
000136,20210316,1
000136,20210317,1
000136,20210318,1
000136,20210319,1
000136,20210322,1
000136,20210326,1
000136,20210401,1
000136,20210402,1
000136,20210407,1
000136,20210408,1
000136,20210409,1
000136,20210412,1
000136,20210415,1
000136,20210423,1
000136,20210426,1
000136,20210428,1
000136,20210504,1
000136,20210510,1
000136,20210511,1
000136,20210512,1
000136,20210518,1
000136,20210519,1
000136,20210525,1
000136,20210527,1
000136,20210601,1
000136,20210603,1
000136,20210604,1
000136,20210607,1
000137,20210321,1
000137,20210502,1
000137,20210509,1
000137,20210530,1
000138,20210328,1
000139,20210314,1
000139,20210516,1
000139,20210606,1
000140,20210320,1
000140,20210605,1
000141,20210508,1
000142,20210315,1
000142,20210318,1
000142,20210324,1
000142,20210325,1
000142,20210330,1
000142,20210331,1
000142,20210406,1
000142,20210426,1
000142,20210429,1
000142,20210503,1
000142,20210505,1
000142,20210506,1
000142,20210510,1
000142,20210511,1
000142,20210517,1
000142,20210518,1
000142,20210520,1
000142,20210526,1
000142,20210602,1
000142,20210607,1
000143,20210316,1
000143,20210317,1
000143,20210322,1
000143,20210329,1
000143,20210401,1
000143,20210407,1
000143,20210408,1
000143,20210428,1
000143,20210525,1
000143,20210527,1
000143,20210531,1
000143,20210601,1
000143,20210603,1
000143,20210608,1
000144,20210323,1
000144,20210427,1
000144,20210504,1
000144,20210519,1
000145,20210412,1
000145,20210414,1
000145,20210420,1
000145,20210430,1
000145,20210512,1
000145,20210528,1
000146,20210310,1
000146,20210311,1
000146,20210327,1
000146,20210405,1
000146,20210410,1
000146,20210416,1
000146,20210417,1
000146,20210423,1
000146,20210507,1
000146,20210529,1
000146,20210605,1
000147,20210415,1
000147,20210421,1
000147,20210422,1
000148,20210319,1
000148,20210326,1
000148,20210402,1
000148,20210413,1
000148,20210419,1
000148,20210604,1
000149,20210314,1
000149,20210606,1
000150,20210309,1
000150,20210312,1
000150,20210320,1
000150,20210424,1
000150,20210508,1
000150,20210521,1
000150,20210524,1
000151,20210409,1
000152,20210321,1
000152,20210502,1
000152,20210509,1
000152,20210516,1
000152,20210530,1
000153,20210525,1
000153,20210526,1
000153,20210527,1
000153,20210528,1
000153,20210529,1
000153,20210530,1
000153,20210531,1
000153,20210601,1
000153,20210602,1
000153,20210603,1
000153,20210604,1
000153,20210605,1
000153,20210606,1
000153,20210607,1
000153,20210608,1
000154,20210315,1
000154,20210322,1
000155,20210313,1
000155,20210314,1
000155,20210320,1
000155,20210321,1
000155,20210327,1
000155,20210328,1
000155,20210329,1
000155,20210330,1
000155,20210402,1
000155,20210403,1
000155,20210406,1
000155,20210407,1
000155,20210408,1
000155,20210409,1
000155,20210410,1
000155,20210411,1
000155,20210412,1
000155,20210413,1
000155,20210414,1
000155,20210415,1
000155,20210416,1
000155,20210417,1
000155,20210418,1
000155,20210419,1
000155,20210420,1
000155,20210421,1
000155,20210422,1
000155,20210423,1
000155,20210424,1
000155,20210425,1
000155,20210426,1
000155,20210427,1
000155,20210428,1
000155,20210429,1
000155,20210430,1
000155,20210501,1
000155,20210502,1
000155,20210503,1
000155,20210504,1
000155,20210505,1
000155,20210506,1
000155,20210507,1
000155,20210508,1
000155,20210509,1
000155,20210510,1
000155,20210511,1
000155,20210512,1
000155,20210513,1
000155,20210517,1
000155,20210518,1
000155,20210519,1
000155,20210520,1
000155,20210521,1
000155,20210522,1
000156,20210311,1
000156,20210312,1
000156,20210316,1
000156,20210317,1
000156,20210318,1
000156,20210319,1
000156,20210323,1
000156,20210324,1
000156,20210325,1
000156,20210326,1
000156,20210331,1
000156,20210401,1
000157,20210309,1
000157,20210310,1
000158,20210525,1
000158,20210526,1
000158,20210527,1
000158,20210528,1
000158,20210529,1
000158,20210530,1
000158,20210531,1
000158,20210601,1
000158,20210602,1
000158,20210603,1
000158,20210604,1
000158,20210606,1
000158,20210607,1
000158,20210608,1
000159,20210503,1
000159,20210504,1
000159,20210505,1
000159,20210506,1
000159,20210507,1
000159,20210508,1
000159,20210509,1
000159,20210510,1
000159,20210511,1
000159,20210512,1
000159,20210516,1
000159,20210517,1
000159,20210518,1
000159,20210519,1
000159,20210520,1
000159,20210521,1
000160,20210309,1
000160,20210310,1
000160,20210311,1
000160,20210312,1
000160,20210313,1
000160,20210314,1
000160,20210315,1
000160,20210316,1
000160,20210317,1
000160,20210318,1
000160,20210319,1
000160,20210320,1
000160,20210321,1
000160,20210322,1
000160,20210323,1
000160,20210324,1
000160,20210325,1
000160,20210326,1
000160,20210327,1
000160,20210328,1
000160,20210329,1
000160,20210330,1
000160,20210331,1
000160,20210401,1
000160,20210402,1
000160,20210406,1
000160,20210407,1
000160,20210408,1
000160,20210409,1
000160,20210410,1
000160,20210411,1
000160,20210412,1
000160,20210413,1
000160,20210414,1
000160,20210415,1
000160,20210416,1
000160,20210417,1
000160,20210418,1
000160,20210419,1
000160,20210420,1
000160,20210421,1
000160,20210422,1
000160,20210423,1
000160,20210424,1
000160,20210425,1
000160,20210426,1
000160,20210427,1
000160,20210428,1
000160,20210429,1
000160,20210430,1
000160,20210501,1
000160,20210502,1
000161,20210309,1
000161,20210310,1
000161,20210313,1
000161,20210314,1
000161,20210315,1
000161,20210316,1
000161,20210317,1
000161,20210318,1
000161,20210319,1
000161,20210320,1
000161,20210321,1
000161,20210322,1
000161,20210323,1
000161,20210324,1
000161,20210325,1
000161,20210326,1
000161,20210327,1
000161,20210328,1
000161,20210329,1
000161,20210330,1
000161,20210331,1
000161,20210401,1
000161,20210402,1
000161,20210406,1
000161,20210407,1
000161,20210408,1
000161,20210409,1
000161,20210410,1
000161,20210411,1
000161,20210412,1
000161,20210413,1
000161,20210414,1
000161,20210415,1
000161,20210416,1
000161,20210417,1
000161,20210418,1
000161,20210419,1
000161,20210420,1
000161,20210421,1
000161,20210422,1
000161,20210423,1
000161,20210424,1
000161,20210425,1
000161,20210426,1
000161,20210427,1
000161,20210428,1
000161,20210429,1
000161,20210430,1
000161,20210501,1
000161,20210502,1
000162,20210503,1
000162,20210504,1
000162,20210505,1
000162,20210506,1
000162,20210507,1
000162,20210508,1
000162,20210509,1
000162,20210510,1
000162,20210511,1
000162,20210512,1
000162,20210513,1
000163,20210311,1
000164,20210512,1
000165,20210416,1
000165,20210423,1
000165,20210430,1
000165,20210507,1
000165,20210521,1
000166,20210312,1
000166,20210319,1
000166,20210326,1
000166,20210402,1
000166,20210409,1
000167,20210309,1
000167,20210310,1
000167,20210313,1
000167,20210314,1
000167,20210315,1
000167,20210316,1
000167,20210317,1
000167,20210318,1
000167,20210320,1
000167,20210321,1
000167,20210322,1
000167,20210323,1
000167,20210324,1
000167,20210325,1
000167,20210327,1
000167,20210328,1
000167,20210329,1
000167,20210330,1
000167,20210331,1
000167,20210401,1
000167,20210405,1
000167,20210406,1
000167,20210407,1
000167,20210408,1
000167,20210410,1
000167,20210411,1
000167,20210412,1
000167,20210413,1
000167,20210414,1
000167,20210415,1
000167,20210417,1
000167,20210418,1
000167,20210419,1
000167,20210420,1
000167,20210421,1
000167,20210422,1
000167,20210424,1
000167,20210425,1
000167,20210426,1
000167,20210427,1
000167,20210428,1
000167,20210429,1
000167,20210501,1
000167,20210502,1
000167,20210503,1
000167,20210504,1
000167,20210505,1
000167,20210506,1
000167,20210508,1
000167,20210509,1
000167,20210510,1
000167,20210511,1
000167,20210516,1
000167,20210517,1
000167,20210518,1
000167,20210519,1
000167,20210520,1
000167,20210524,1
000168,20210525,1
000168,20210526,1
000168,20210527,1
000168,20210529,1
000168,20210530,1
000168,20210531,1
000168,20210601,1
000168,20210602,1
000168,20210603,1
000168,20210605,1
000168,20210606,1
000168,20210607,1
000168,20210608,1
000169,20210309,1
000169,20210310,1
000169,20210311,1
000169,20210312,1
000169,20210408,1
000169,20210409,1
000170,20210412,1
000170,20210413,1
000170,20210414,1
000170,20210415,1
000170,20210416,1
000170,20210419,1
000170,20210420,1
000170,20210421,1
000170,20210422,1
000170,20210423,1
000170,20210426,1
000170,20210427,1
000170,20210428,1
000170,20210429,1
000170,20210430,1
000170,20210503,1
000170,20210504,1
000170,20210505,1
000170,20210506,1
000170,20210507,1
000170,20210510,1
000170,20210511,1
000170,20210512,1
000170,20210517,1
000170,20210518,1
000170,20210519,1
000170,20210520,1
000170,20210521,1
000170,20210525,1
000170,20210526,1
000170,20210527,1
000170,20210528,1
000170,20210531,1
000170,20210601,1
000170,20210602,1
000170,20210603,1
000170,20210604,1
000170,20210607,1
000170,20210608,1
000171,20210515,1
000172,20210309,1
000172,20210310,1
000172,20210311,1
000172,20210312,1
000172,20210313,1
000172,20210314,1
000172,20210315,1
000172,20210316,1
000172,20210317,1
000172,20210318,1
000172,20210319,1
000172,20210320,1
000172,20210321,1
000172,20210322,1
000172,20210323,1
000172,20210324,1
000172,20210325,1
000172,20210326,1
000172,20210327,1
000172,20210328,1
000172,20210329,1
000172,20210330,1
000172,20210331,1
000172,20210401,1
000172,20210402,1
000172,20210403,1
000172,20210405,1
000172,20210406,1
000172,20210407,1
000172,20210408,1
000172,20210409,1
000172,20210410,1
000172,20210411,1
000172,20210412,1
000172,20210413,1
000172,20210414,1
000172,20210415,1
000172,20210416,1
000172,20210417,1
000172,20210418,1
000172,20210419,1
000172,20210420,1
000172,20210421,1
000172,20210422,1
000172,20210423,1
000172,20210424,1
000172,20210425,1
000172,20210426,1
000172,20210427,1
000172,20210428,1
000172,20210429,1
000172,20210430,1
000172,20210501,1
000172,20210502,1
000172,20210503,1
000172,20210504,1
000172,20210505,1
000172,20210506,1
000172,20210507,1
000172,20210508,1
000172,20210509,1
000172,20210510,1
000172,20210511,1
000172,20210512,1
000172,20210513,1
000172,20210517,1
000172,20210518,1
000172,20210519,1
000172,20210520,1
000172,20210521,1
000172,20210524,1
000172,20210525,1
000172,20210526,1
000172,20210527,1
000172,20210528,1
000172,20210529,1
000172,20210530,1
000172,20210531,1
000172,20210601,1
000172,20210602,1
000172,20210603,1
000172,20210604,1
000172,20210605,1
000172,20210606,1
000172,20210607,1
000172,20210608,1
000173,20210309,1
000173,20210310,1
000173,20210311,1
000173,20210312,1
000173,20210315,1
000173,20210316,1
000173,20210317,1
000173,20210318,1
000173,20210319,1
000173,20210322,1
000173,20210323,1
000173,20210324,1
000173,20210325,1
000173,20210326,1
000173,20210329,1
000173,20210330,1
000173,20210331,1
000173,20210401,1
000173,20210402,1
000173,20210406,1
000173,20210407,1
000173,20210408,1
000173,20210409,1
000173,20210412,1
000173,20210413,1
000173,20210414,1
000173,20210415,1
000173,20210416,1
000173,20210419,1
000173,20210420,1
000173,20210421,1
000173,20210422,1
000173,20210423,1
000173,20210426,1
000173,20210427,1
000173,20210428,1
000173,20210429,1
000173,20210430,1
000173,20210503,1
000173,20210504,1
000173,20210505,1
000173,20210506,1
000173,20210507,1
000173,20210510,1
000173,20210511,1
000173,20210512,1
000173,20210517,1
000173,20210518,1
000173,20210519,1
000173,20210520,1
000173,20210521,1
000173,20210525,1
000173,20210526,1
000173,20210527,1
000173,20210528,1
000173,20210531,1
000173,20210601,1
000173,20210602,1
000173,20210603,1
000173,20210604,1
000173,20210607,1
000173,20210608,1
000174,20210313,1
000174,20210314,1
000174,20210320,1
000174,20210321,1
000174,20210327,1
000174,20210328,1
000174,20210403,1
000174,20210405,1
000174,20210410,1
000174,20210411,1
000174,20210417,1
000174,20210418,1
000174,20210424,1
000174,20210425,1
000174,20210501,1
000174,20210502,1
000174,20210508,1
000174,20210509,1
000174,20210513,1
000174,20210522,1
000174,20210529,1
000174,20210530,1
000174,20210605,1
000174,20210606,1
000175,20210313,1
000175,20210314,1
000175,20210320,1
000175,20210321,1
000175,20210327,1
000175,20210328,1
000175,20210403,1
000175,20210405,1
000175,20210408,1
000175,20210409,1
000175,20210410,1
000175,20210411,1
000175,20210412,1
000175,20210413,1
000175,20210414,1
000175,20210415,1
000175,20210416,1
000175,20210417,1
000175,20210418,1
000175,20210419,1
000175,20210420,1
000175,20210421,1
000175,20210422,1
000175,20210423,1
000175,20210424,1
000175,20210425,1
000175,20210426,1
000175,20210427,1
000175,20210428,1
000175,20210429,1
000175,20210430,1
000175,20210501,1
000175,20210502,1
000175,20210503,1
000175,20210504,1
000175,20210505,1
000175,20210506,1
000175,20210507,1
000175,20210508,1
000175,20210509,1
000175,20210510,1
000175,20210511,1
000175,20210512,1
000175,20210513,1
000175,20210516,1
000175,20210517,1
000175,20210518,1
000175,20210519,1
000175,20210520,1
000175,20210521,1
000175,20210524,1
000175,20210525,1
000175,20210526,1
000175,20210527,1
000175,20210528,1
000175,20210529,1
000175,20210530,1
000175,20210531,1
000175,20210601,1
000175,20210602,1
000175,20210603,1
000175,20210604,1
000175,20210605,1
000175,20210606,1
000175,20210607,1
000175,20210608,1
000176,20210404,1
000176,20210523,1
000177,20210309,1
000177,20210310,1
000177,20210311,1
000177,20210312,1
000177,20210313,1
000177,20210314,1
000177,20210315,1
000177,20210316,1
000177,20210317,1
000177,20210318,1
000177,20210319,1
000177,20210320,1
000177,20210321,1
000177,20210322,1
000177,20210323,1
000177,20210324,1
000177,20210325,1
000177,20210326,1
000177,20210327,1
000177,20210328,1
000177,20210329,1
000177,20210330,1
000177,20210331,1
000177,20210401,1
000177,20210402,1
000177,20210403,1
000177,20210405,1
000177,20210406,1
000177,20210407,1
000177,20210408,1
000177,20210409,1
000177,20210410,1
000177,20210411,1
000177,20210412,1
000177,20210413,1
000177,20210414,1
000177,20210415,1
000177,20210416,1
000177,20210417,1
000177,20210418,1
000177,20210419,1
000177,20210420,1
000177,20210421,1
000177,20210422,1
000177,20210423,1
000177,20210424,1
000177,20210425,1
000177,20210426,1
000177,20210427,1
000177,20210428,1
000177,20210429,1
000177,20210430,1
000177,20210501,1
000177,20210502,1
000177,20210503,1
000177,20210504,1
000177,20210505,1
000177,20210506,1
000177,20210507,1
000177,20210508,1
000177,20210509,1
000177,20210510,1
000177,20210511,1
000177,20210512,1
000177,20210513,1
000177,20210516,1
000177,20210517,1
000177,20210518,1
000177,20210519,1
000177,20210520,1
000177,20210521,1
000177,20210524,1
000177,20210525,1
000177,20210526,1
000177,20210527,1
000177,20210528,1
000177,20210529,1
000177,20210530,1
000177,20210531,1
000177,20210601,1
000177,20210602,1
000177,20210603,1
000177,20210604,1
000177,20210605,1
000177,20210606,1
000177,20210607,1
000177,20210608,1
000178,20210309,1
000178,20210310,1
000178,20210311,1
000178,20210312,1
000178,20210313,1
000178,20210314,1
000178,20210315,1
000178,20210316,1
000178,20210317,1
000178,20210318,1
000178,20210319,1
000178,20210320,1
000178,20210321,1
000178,20210322,1
000178,20210323,1
000178,20210324,1
000178,20210325,1
000178,20210326,1
000178,20210327,1
000178,20210328,1
000178,20210329,1
000178,20210330,1
000178,20210331,1
000178,20210401,1
000178,20210402,1
000178,20210403,1
000178,20210405,1
000178,20210406,1
000178,20210407,1
000178,20210408,1
000178,20210409,1
000178,20210410,1
000178,20210411,1
000178,20210412,1
000178,20210413,1
000178,20210414,1
000178,20210415,1
000178,20210416,1
000178,20210417,1
000178,20210418,1
000178,20210419,1
000178,20210420,1
000178,20210421,1
000178,20210422,1
000178,20210423,1
000178,20210424,1
000178,20210425,1
000178,20210426,1
000178,20210427,1
000178,20210428,1
000178,20210429,1
000178,20210430,1
000178,20210501,1
000178,20210502,1
000178,20210503,1
000178,20210504,1
000178,20210505,1
000178,20210506,1
000178,20210507,1
000178,20210508,1
000178,20210509,1
000178,20210510,1
000178,20210511,1
000178,20210512,1
000178,20210516,1
000178,20210517,1
000178,20210518,1
000178,20210519,1
000178,20210520,1
000178,20210521,1
000178,20210524,1
000178,20210525,1
000178,20210526,1
000178,20210527,1
000178,20210528,1
000178,20210529,1
000178,20210530,1
000178,20210531,1
000178,20210601,1
000178,20210602,1
000178,20210603,1
000178,20210604,1
000178,20210605,1
000178,20210606,1
000178,20210607,1
000178,20210608,1
000179,20210309,1
000179,20210310,1
000179,20210311,1
000179,20210312,1
000179,20210313,1
000179,20210314,1
000179,20210319,1
000179,20210320,1
000179,20210321,1
000179,20210326,1
000179,20210327,1
000179,20210328,1
000179,20210402,1
000179,20210403,1
000179,20210405,1
000179,20210408,1
000179,20210409,1
000179,20210410,1
000179,20210411,1
000180,20210412,1
000180,20210413,1
000180,20210414,1
000180,20210415,1
000180,20210416,1
000180,20210417,1
000180,20210418,1
000180,20210419,1
000180,20210420,1
000180,20210421,1
000180,20210422,1
000180,20210423,1
000180,20210424,1
000180,20210425,1
000180,20210426,1
000180,20210427,1
000180,20210428,1
000180,20210429,1
000180,20210430,1
000180,20210501,1
000180,20210502,1
000180,20210503,1
000180,20210507,1
000180,20210508,1
000180,20210509,1
000180,20210510,1
000180,20210511,1
000180,20210512,1
000180,20210513,1
000180,20210516,1
000180,20210517,1
000180,20210518,1
000180,20210519,1
000180,20210520,1
000180,20210521,1
000180,20210524,1
000180,20210525,1
000180,20210526,1
000180,20210527,1
000180,20210528,1
000180,20210529,1
000180,20210530,1
000180,20210531,1
000180,20210601,1
000180,20210602,1
000180,20210603,1
000180,20210604,1
000180,20210605,1
000180,20210606,1
000180,20210607,1
000180,20210608,1
000181,20210522,1
000181,20210523,1
000182,20210405,1
000182,20210408,1
000182,20210409,1
000182,20210411,1
000182,20210418,1
000182,20210425,1
000182,20210430,1
000182,20210502,1
000182,20210509,1
000182,20210516,1
000182,20210524,1
000182,20210530,1
000182,20210606,1
000183,20210412,1
000183,20210413,1
000183,20210414,1
000183,20210415,1
000183,20210416,1
000183,20210419,1
000183,20210420,1
000183,20210421,1
000183,20210422,1
000183,20210423,1
000183,20210426,1
000183,20210427,1
000183,20210428,1
000183,20210429,1
000183,20210503,1
000183,20210504,1
000183,20210505,1
000183,20210506,1
000183,20210507,1
000183,20210510,1
000183,20210511,1
000183,20210512,1
000183,20210517,1
000183,20210518,1
000183,20210519,1
000183,20210520,1
000183,20210521,1
000183,20210525,1
000183,20210526,1
000183,20210527,1
000183,20210528,1
000183,20210531,1
000183,20210601,1
000183,20210602,1
000183,20210603,1
000183,20210604,1
000183,20210607,1
000183,20210608,1
000184,20210403,1
000184,20210408,1
000184,20210409,1
000184,20210410,1
000185,20210412,1
000185,20210419,1
000185,20210426,1
000185,20210501,1
000185,20210503,1
000185,20210510,1
000185,20210517,1
000185,20210525,1
000185,20210531,1
000185,20210607,1
000186,20210413,1
000186,20210414,1
000186,20210415,1
000186,20210416,1
000186,20210417,1
000186,20210420,1
000186,20210421,1
000186,20210422,1
000186,20210423,1
000186,20210424,1
000186,20210427,1
000186,20210428,1
000186,20210429,1
000186,20210430,1
000186,20210504,1
000186,20210505,1
000186,20210506,1
000186,20210507,1
000186,20210508,1
000186,20210511,1
000186,20210512,1
000186,20210513,1
000186,20210518,1
000186,20210519,1
000186,20210520,1
000186,20210521,1
000186,20210522,1
000186,20210526,1
000186,20210527,1
000186,20210528,1
000186,20210529,1
000186,20210601,1
000186,20210602,1
000186,20210603,1
000186,20210604,1
000186,20210605,1
000186,20210608,1
000187,20210313,1
000187,20210314,1
000187,20210320,1
000187,20210321,1
000187,20210327,1
000187,20210328,1
000187,20210403,1
000187,20210405,1
000187,20210408,1
000187,20210409,1
000187,20210410,1
000187,20210411,1
000188,20210412,1
000188,20210413,1
000188,20210414,1
000188,20210415,1
000188,20210416,1
000188,20210417,1
000188,20210418,1
000188,20210419,1
000188,20210420,1
000188,20210421,1
000188,20210422,1
000188,20210423,1
000188,20210424,1
000188,20210425,1
000188,20210426,1
000188,20210427,1
000188,20210428,1
000188,20210429,1
000188,20210430,1
000188,20210501,1
000188,20210502,1
000188,20210503,1
000188,20210504,1
000188,20210508,1
000188,20210509,1
000188,20210510,1
000188,20210511,1
000188,20210512,1
000188,20210513,1
000188,20210516,1
000188,20210517,1
000188,20210518,1
000188,20210519,1
000188,20210520,1
000188,20210521,1
000189,20210529,1
000189,20210530,1
000189,20210605,1
000189,20210606,1
000190,20210309,1
000190,20210311,1
000190,20210316,1
000190,20210318,1
000190,20210323,1
000190,20210325,1
000190,20210407,1
000191,20210412,1
000191,20210413,1
000191,20210415,1
000191,20210416,1
000191,20210417,1
000191,20210418,1
000191,20210419,1
000191,20210420,1
000191,20210422,1
000191,20210423,1
000191,20210424,1
000191,20210425,1
000191,20210426,1
000191,20210427,1
000191,20210429,1
000191,20210430,1
000191,20210501,1
000191,20210502,1
000191,20210503,1
000191,20210504,1
000191,20210506,1
000191,20210507,1
000191,20210508,1
000191,20210509,1
000191,20210510,1
000191,20210511,1
000191,20210513,1
000191,20210516,1
000191,20210517,1
000191,20210518,1
000191,20210520,1
000191,20210521,1
000191,20210522,1
000191,20210524,1
000191,20210525,1
000191,20210527,1
000191,20210528,1
000191,20210529,1
000191,20210530,1
000191,20210531,1
000191,20210601,1
000191,20210603,1
000191,20210604,1
000191,20210605,1
000191,20210606,1
000191,20210607,1
000191,20210608,1
000192,20210414,1
000192,20210421,1
000192,20210428,1
000192,20210505,1
000192,20210512,1
000192,20210519,1
000192,20210526,1
000192,20210602,1
000193,20210310,1
000193,20210312,1
000193,20210313,1
000193,20210314,1
000193,20210315,1
000193,20210317,1
000193,20210319,1
000193,20210320,1
000193,20210321,1
000193,20210322,1
000193,20210324,1
000193,20210326,1
000193,20210327,1
000193,20210328,1
000193,20210329,1
000193,20210330,1
000193,20210331,1
000193,20210401,1
000193,20210402,1
000193,20210403,1
000193,20210405,1
000193,20210406,1
000193,20210408,1
000193,20210409,1
000193,20210410,1
000193,20210411,1
000194,20210514,1
000194,20210515,1
000194,20210523,1
000195,20210309,1
000195,20210310,1
000195,20210311,1
000195,20210312,1
000195,20210313,1
000195,20210314,1
000195,20210315,1
000195,20210316,1
000195,20210317,1
000195,20210318,1
000195,20210319,1
000195,20210320,1
000195,20210321,1
000195,20210322,1
000195,20210323,1
000195,20210324,1
000195,20210325,1
000195,20210326,1
000195,20210327,1
000195,20210328,1
000195,20210329,1
000195,20210330,1
000195,20210331,1
000195,20210401,1
000195,20210402,1
000195,20210403,1
000195,20210405,1
000195,20210406,1
000195,20210407,1
000195,20210408,1
000195,20210409,1
000195,20210410,1
000195,20210411,1
000195,20210412,1
000195,20210413,1
000195,20210414,1
000195,20210415,1
000195,20210416,1
000195,20210417,1
000195,20210418,1
000195,20210419,1
000195,20210420,1
000195,20210421,1
000195,20210422,1
000195,20210423,1
000195,20210424,1
000195,20210425,1
000195,20210426,1
000195,20210427,1
000195,20210428,1
000195,20210429,1
000195,20210430,1
000195,20210501,1
000195,20210502,1
000195,20210503,1
000195,20210504,1
000195,20210505,1
000195,20210506,1
000195,20210507,1
000195,20210508,1
000195,20210509,1
000195,20210510,1
000195,20210511,1
000195,20210512,1
000195,20210516,1
000195,20210517,1
000195,20210518,1
000195,20210519,1
000195,20210520,1
000195,20210521,1
000195,20210522,1
000195,20210524,1
000195,20210525,1
000195,20210526,1
000195,20210527,1
000195,20210528,1
000195,20210529,1
000195,20210530,1
000195,20210531,1
000195,20210601,1
000195,20210602,1
000195,20210603,1
000195,20210604,1
000195,20210605,1
000195,20210606,1
000195,20210607,1
000195,20210608,1
000196,20210309,1
000196,20210310,1
000196,20210311,1
000196,20210312,1
000196,20210313,1
000196,20210314,1
000196,20210315,1
000196,20210316,1
000196,20210317,1
000196,20210318,1
000196,20210319,1
000196,20210320,1
000196,20210321,1
000196,20210322,1
000196,20210323,1
000196,20210324,1
000196,20210325,1
000196,20210326,1
000196,20210327,1
000196,20210328,1
000196,20210329,1
000196,20210330,1
000196,20210331,1
000196,20210401,1
000196,20210402,1
000196,20210403,1
000196,20210405,1
000196,20210406,1
000196,20210407,1
000196,20210408,1
000196,20210409,1
000196,20210410,1
000196,20210411,1
000197,20210513,1
000197,20210522,1
000198,20210412,1
000198,20210413,1
000198,20210414,1
000198,20210415,1
000198,20210416,1
000198,20210417,1
000198,20210418,1
000198,20210419,1
000198,20210420,1
000198,20210421,1
000198,20210422,1
000198,20210423,1
000198,20210424,1
000198,20210425,1
000198,20210426,1
000198,20210427,1
000198,20210428,1
000198,20210429,1
000198,20210430,1
000198,20210501,1
000198,20210502,1
000198,20210503,1
000198,20210504,1
000198,20210505,1
000198,20210506,1
000198,20210507,1
000198,20210508,1
000198,20210509,1
000198,20210510,1
000198,20210511,1
000198,20210512,1
000198,20210516,1
000198,20210517,1
000198,20210518,1
000198,20210519,1
000198,20210520,1
000198,20210521,1
000198,20210524,1
000198,20210525,1
000198,20210526,1
000198,20210527,1
000198,20210528,1
000198,20210529,1
000198,20210530,1
000198,20210531,1
000198,20210601,1
000198,20210602,1
000198,20210603,1
000198,20210604,1
000198,20210605,1
000198,20210606,1
000198,20210607,1
000198,20210608,1
000199,20210514,1
000199,20210515,1
000200,20210309,1
000200,20210310,1
000200,20210311,1
000200,20210312,1
000200,20210313,1
000200,20210314,1
000200,20210315,1
000200,20210320,1
000200,20210321,1
000200,20210322,1
000200,20210327,1
000200,20210328,1
000200,20210329,1
000200,20210403,1
000200,20210405,1
000200,20210406,1
000200,20210408,1
000200,20210409,1
000200,20210410,1
000200,20210411,1
000201,20210412,1
000201,20210413,1
000201,20210414,1
000201,20210415,1
000201,20210416,1
000201,20210417,1
000201,20210418,1
000201,20210419,1
000201,20210420,1
000201,20210421,1
000201,20210422,1
000201,20210423,1
000201,20210424,1
000201,20210425,1
000201,20210426,1
000201,20210427,1
000201,20210428,1
000201,20210429,1
000201,20210430,1
000201,20210501,1
000201,20210502,1
000201,20210503,1
000201,20210504,1
000201,20210505,1
000201,20210506,1
000201,20210507,1
000201,20210508,1
000201,20210509,1
000201,20210510,1
000201,20210511,1
000201,20210512,1
000201,20210513,1
000201,20210516,1
000201,20210517,1
000201,20210518,1
000201,20210519,1
000201,20210520,1
000201,20210521,1
000201,20210524,1
000201,20210525,1
000201,20210526,1
000201,20210527,1
000201,20210528,1
000201,20210529,1
000201,20210530,1
000201,20210531,1
000201,20210601,1
000201,20210602,1
000201,20210603,1
000201,20210604,1
000201,20210605,1
000201,20210606,1
000201,20210607,1
000201,20210608,1
000202,20210501,1
000202,20210503,1
000202,20210504,1
000202,20210505,1
000202,20210506,1
000202,20210507,1
000202,20210508,1
000202,20210509,1
000202,20210511,1
000202,20210512,1
000202,20210517,1
000202,20210518,1
000202,20210519,1
000202,20210520,1
000202,20210521,1
000202,20210528,1
000202,20210529,1
000203,20210423,1
000203,20210430,1
000204,20210419,1
000204,20210420,1
000204,20210421,1
000204,20210422,1
000204,20210426,1
000204,20210427,1
000204,20210428,1
000204,20210429,1
000205,20210502,1
000205,20210516,1
000206,20210416,1
000207,20210501,1
000207,20210502,1
000207,20210508,1
000207,20210509,1
000207,20210516,1
000207,20210529,1
000208,20210416,1
000208,20210419,1
000208,20210420,1
000208,20210422,1
000208,20210423,1
000208,20210511,1
000208,20210521,1
000208,20210528,1
000209,20210421,1
000209,20210503,1
000209,20210504,1
000209,20210505,1
000209,20210506,1
000209,20210507,1
000209,20210512,1
000209,20210519,1
000210,20210426,1
000210,20210427,1
000210,20210428,1
000210,20210429,1
000210,20210430,1
000211,20210517,1
000211,20210518,1
000211,20210520,1
000212,20210330,1
000212,20210406,1
000212,20210413,1
000213,20210315,1
000213,20210317,1
000213,20210318,1
000213,20210319,1
000213,20210322,1
000213,20210324,1
000213,20210325,1
000213,20210326,1
000214,20210329,1
000214,20210331,1
000214,20210401,1
000214,20210402,1
000214,20210405,1
000214,20210407,1
000214,20210408,1
000214,20210412,1
000214,20210414,1
000214,20210415,1
000215,20210411,1
000216,20210316,1
000216,20210323,1
000217,20210405,1
000217,20210406,1
000217,20210407,1
000217,20210408,1
000218,20210402,1
000218,20210409,1
000219,20210329,1
000219,20210330,1
000219,20210331,1
000219,20210401,1
000219,20210412,1
000219,20210413,1
000219,20210414,1
000219,20210415,1
000220,20210322,1
000220,20210323,1
000220,20210324,1
000220,20210325,1
000221,20210316,1
000221,20210317,1
000221,20210318,1
000222,20210504,1
000223,20210409,1
000223,20210410,1
000223,20210417,1
000223,20210502,1
000223,20210505,1
000223,20210508,1
000223,20210509,1
000223,20210516,1
000223,20210521,1
000223,20210529,1
000224,20210416,1
000224,20210421,1
000224,20210422,1
000224,20210426,1
000224,20210501,1
000224,20210503,1
000224,20210507,1
000224,20210512,1
000224,20210517,1
000224,20210518,1
000224,20210520,1
000225,20210419,1
000225,20210420,1
000225,20210423,1
000225,20210427,1
000225,20210428,1
000225,20210429,1
000225,20210430,1
000225,20210506,1
000225,20210511,1
000225,20210515,1
000225,20210519,1
000225,20210528,1
000225,20210605,1
000225,20210606,1
000226,20210511,1
000226,20210512,1
000227,20210430,1
000227,20210501,1
000228,20210503,1
000228,20210505,1
000228,20210519,1
000229,20210427,1
000229,20210428,1
000229,20210429,1
000230,20210528,1
000231,20210423,1
000231,20210521,1
000232,20210517,1
000233,20210416,1
000233,20210507,1
000234,20210426,1
000235,20210513,1
000235,20210516,1
000235,20210605,1
000235,20210606,1
000236,20210420,1
000236,20210422,1
000236,20210518,1
000237,20210419,1
000237,20210421,1
000237,20210504,1
000237,20210506,1
000237,20210520,1
000238,20210502,1
000238,20210509,1
000239,20210313,1
000240,20210309,1
000240,20210310,1
000240,20210311,1
000240,20210312,1
000241,20210503,1
000241,20210510,1
000241,20210517,1
000241,20210525,1
000241,20210531,1
000241,20210607,1
000242,20210408,1
000242,20210409,1
000242,20210413,1
000242,20210414,1
000242,20210415,1
000242,20210416,1
000242,20210420,1
000242,20210421,1
000242,20210422,1
000242,20210423,1
000242,20210427,1
000242,20210428,1
000242,20210429,1
000242,20210430,1
000243,20210412,1
000243,20210419,1
000243,20210426,1
000244,20210504,1
000244,20210505,1
000244,20210506,1
000244,20210507,1
000244,20210511,1
000244,20210512,1
000244,20210518,1
000244,20210519,1
000244,20210520,1
000244,20210521,1
000244,20210526,1
000244,20210527,1
000244,20210528,1
000244,20210601,1
000244,20210602,1
000244,20210603,1
000244,20210604,1
000244,20210608,1
000245,20210427,1
000245,20210428,1
000245,20210429,1
000245,20210430,1
000245,20210501,1
000246,20210320,1
000246,20210327,1
000246,20210403,1
000246,20210408,1
000246,20210409,1
000246,20210412,1
000246,20210413,1
000246,20210414,1
000246,20210415,1
000246,20210416,1
000246,20210417,1
000246,20210419,1
000246,20210420,1
000246,20210421,1
000246,20210422,1
000246,20210423,1
000246,20210424,1
000246,20210426,1
000247,20210503,1
000247,20210504,1
000247,20210505,1
000247,20210506,1
000247,20210507,1
000247,20210508,1
000247,20210510,1
000247,20210511,1
000247,20210512,1
000247,20210513,1
000247,20210514,1
000247,20210515,1
000247,20210517,1
000247,20210518,1
000247,20210519,1
000247,20210520,1
000247,20210521,1
000247,20210522,1
000247,20210525,1
000247,20210526,1
000247,20210527,1
000247,20210528,1
000247,20210531,1
000247,20210601,1
000247,20210602,1
000247,20210603,1
000247,20210604,1
000247,20210607,1
000247,20210608,1
000248,20210408,1
000248,20210409,1
000248,20210412,1
000248,20210413,1
000248,20210414,1
000248,20210415,1
000248,20210416,1
000248,20210419,1
000248,20210420,1
000248,20210421,1
000248,20210422,1
000248,20210423,1
000248,20210426,1
000248,20210427,1
000248,20210428,1
000248,20210429,1
000248,20210430,1
000249,20210503,1
000249,20210504,1
000249,20210505,1
000249,20210506,1
000249,20210507,1
000249,20210510,1
000249,20210511,1
000249,20210512,1
000249,20210517,1
000249,20210518,1
000249,20210519,1
000249,20210520,1
000249,20210521,1
000249,20210525,1
000249,20210526,1
000249,20210527,1
000249,20210528,1
000249,20210531,1
000249,20210601,1
000249,20210602,1
000249,20210603,1
000249,20210604,1
000249,20210607,1
000249,20210608,1
000250,20210605,1
000250,20210606,1
000251,20210410,1
000251,20210411,1
000252,20210313,1
000252,20210314,1
000253,20210426,1
000253,20210427,1
000253,20210428,1
000253,20210429,1
000253,20210430,1
000253,20210501,1
000253,20210502,1
000254,20210529,1
000254,20210530,1
000255,20210503,1
000255,20210504,1
000255,20210505,1
000255,20210506,1
000255,20210507,1
000255,20210508,1
000255,20210509,1
000255,20210510,1
000255,20210511,1
000255,20210512,1
000255,20210513,1
000255,20210514,1
000255,20210515,1
000255,20210516,1
000255,20210517,1
000255,20210518,1
000255,20210519,1
000255,20210520,1
000255,20210521,1
000255,20210522,1
000255,20210523,1
000255,20210524,1
000255,20210525,1
000255,20210526,1
000255,20210527,1
000255,20210528,1
000255,20210531,1
000255,20210601,1
000255,20210602,1
000255,20210603,1
000255,20210604,1
000255,20210607,1
000255,20210608,1
000256,20210309,1
000256,20210310,1
000256,20210311,1
000256,20210315,1
000256,20210316,1
000256,20210317,1
000256,20210318,1
000256,20210319,1
000256,20210320,1
000256,20210321,1
000256,20210322,1
000256,20210323,1
000256,20210324,1
000256,20210325,1
000256,20210326,1
000256,20210327,1
000256,20210328,1
000256,20210329,1
000256,20210330,1
000256,20210331,1
000256,20210401,1
000256,20210402,1
000256,20210403,1
000256,20210404,1
000256,20210405,1
000256,20210406,1
000256,20210407,1
000256,20210408,1
000256,20210409,1
000256,20210412,1
000256,20210413,1
000256,20210414,1
000256,20210415,1
000256,20210416,1
000256,20210417,1
000256,20210418,1
000256,20210419,1
000256,20210420,1
000256,20210421,1
000256,20210422,1
000256,20210423,1
000256,20210424,1
000256,20210425,1
000257,20210403,1
000257,20210417,1
000257,20210424,1
000257,20210501,1
000258,20210513,1
000258,20210515,1
000258,20210522,1
000259,20210321,1
000259,20210328,1
000259,20210403,1
000259,20210405,1
000259,20210408,1
000259,20210409,1
000259,20210412,1
000259,20210413,1
000259,20210414,1
000259,20210415,1
000259,20210416,1
000259,20210417,1
000259,20210418,1
000259,20210419,1
000259,20210420,1
000259,20210421,1
000259,20210422,1
000259,20210423,1
000259,20210424,1
000259,20210425,1
000260,20210503,1
000260,20210504,1
000260,20210505,1
000260,20210506,1
000260,20210507,1
000260,20210508,1
000260,20210509,1
000260,20210510,1
000260,20210511,1
000260,20210512,1
000260,20210513,1
000260,20210514,1
000260,20210515,1
000260,20210516,1
000260,20210522,1
000260,20210523,1
000260,20210524,1
000260,20210525,1
000260,20210526,1
000260,20210527,1
000260,20210528,1
000260,20210531,1
000260,20210601,1
000260,20210602,1
000260,20210603,1
000260,20210604,1
000260,20210607,1
000260,20210608,1
000261,20210531,1
000262,20210412,1
000262,20210413,1
000262,20210414,1
000262,20210415,1
000262,20210416,1
000262,20210417,1
000262,20210418,1
000262,20210419,1
000262,20210420,1
000262,20210421,1
000262,20210422,1
000262,20210423,1
000262,20210424,1
000262,20210425,1
000262,20210426,1
000262,20210427,1
000262,20210428,1
000262,20210429,1
000262,20210430,1
000262,20210501,1
000262,20210502,1
000263,20210503,1
000263,20210504,1
000263,20210505,1
000263,20210506,1
000263,20210507,1
000263,20210509,1
000263,20210510,1
000263,20210511,1
000263,20210512,1
000263,20210513,1
000263,20210514,1
000263,20210515,1
000263,20210516,1
000263,20210517,1
000263,20210518,1
000263,20210519,1
000263,20210520,1
000263,20210521,1
000263,20210522,1
000263,20210523,1
000263,20210524,1
000263,20210525,1
000263,20210526,1
000263,20210527,1
000263,20210528,1
000263,20210601,1
000263,20210602,1
000263,20210603,1
000263,20210604,1
000263,20210607,1
000263,20210608,1
000264,20210309,1
000264,20210310,1
000264,20210311,1
000264,20210312,1
000264,20210315,1
000264,20210316,1
000264,20210317,1
000264,20210318,1
000264,20210319,1
000264,20210320,1
000264,20210321,1
000264,20210322,1
000264,20210323,1
000264,20210324,1
000264,20210325,1
000264,20210326,1
000264,20210327,1
000264,20210328,1
000264,20210329,1
000264,20210330,1
000264,20210331,1
000264,20210401,1
000264,20210402,1
000264,20210403,1
000264,20210404,1
000264,20210405,1
000264,20210406,1
000264,20210407,1
000264,20210408,1
000265,20210320,1
000265,20210321,1
000265,20210327,1
000265,20210328,1
000265,20210403,1
000265,20210404,1
000265,20210405,1
000265,20210417,1
000265,20210418,1
000265,20210424,1
000265,20210425,1
000265,20210501,1
000265,20210502,1
000266,20210410,1
000266,20210411,1
000266,20210605,1
000266,20210606,1
000267,20210508,1
000267,20210509,1
000267,20210513,1
000267,20210515,1
000267,20210516,1
000267,20210522,1
000267,20210523,1
000267,20210524,1
000268,20210503,1
000268,20210504,1
000268,20210505,1
000268,20210506,1
000268,20210507,1
000268,20210510,1
000268,20210511,1
000268,20210512,1
000268,20210514,1
000268,20210517,1
000268,20210518,1
000268,20210519,1
000268,20210520,1
000268,20210521,1
000268,20210525,1
000268,20210526,1
000268,20210527,1
000268,20210528,1
000268,20210531,1
000268,20210601,1
000268,20210602,1
000268,20210603,1
000268,20210604,1
000268,20210607,1
000268,20210608,1
000269,20210309,1
000269,20210310,1
000269,20210311,1
000269,20210312,1
000269,20210315,1
000269,20210316,1
000269,20210317,1
000269,20210318,1
000269,20210319,1
000269,20210322,1
000269,20210323,1
000269,20210324,1
000269,20210325,1
000269,20210326,1
000269,20210329,1
000269,20210330,1
000269,20210331,1
000269,20210401,1
000269,20210402,1
000269,20210406,1
000269,20210407,1
000269,20210408,1
000269,20210409,1
000269,20210412,1
000269,20210413,1
000269,20210414,1
000269,20210415,1
000269,20210416,1
000269,20210419,1
000269,20210420,1
000269,20210421,1
000269,20210422,1
000269,20210423,1
000269,20210426,1
000269,20210427,1
000269,20210428,1
000269,20210429,1
000269,20210430,1
000270,20210413,1
000270,20210414,1
000271,20210503,1
000271,20210504,1
000271,20210505,1
000271,20210506,1
000271,20210507,1
000271,20210510,1
000271,20210511,1
000271,20210512,1
000271,20210513,1
000271,20210514,1
000271,20210515,1
000271,20210522,1
000271,20210525,1
000271,20210526,1
000271,20210527,1
000271,20210528,1
000271,20210531,1
000271,20210601,1
000271,20210602,1
000271,20210603,1
000271,20210604,1
000271,20210607,1
000271,20210608,1
000272,20210309,1
000272,20210310,1
000272,20210311,1
000272,20210312,1
000272,20210315,1
000272,20210316,1
000272,20210317,1
000272,20210318,1
000272,20210319,1
000272,20210320,1
000272,20210322,1
000272,20210323,1
000272,20210324,1
000272,20210325,1
000272,20210326,1
000272,20210327,1
000272,20210329,1
000272,20210330,1
000272,20210331,1
000272,20210401,1
000272,20210402,1
000272,20210403,1
000272,20210406,1
000272,20210407,1
000272,20210408,1
000272,20210409,1
000272,20210412,1
000272,20210415,1
000272,20210416,1
000272,20210417,1
000272,20210419,1
000272,20210420,1
000272,20210421,1
000272,20210422,1
000272,20210423,1
000272,20210424,1
000272,20210426,1
000272,20210427,1
000272,20210428,1
000272,20210429,1
000272,20210430,1
000272,20210501,1
000273,20210430,1
000274,20210507,1
000274,20210512,1
000274,20210521,1
000274,20210528,1
000274,20210604,1
000275,20210402,1
000275,20210409,1
000275,20210416,1
000275,20210423,1
000276,20210309,1
000276,20210310,1
000276,20210311,1
000276,20210312,1
000276,20210315,1
000276,20210316,1
000276,20210317,1
000276,20210318,1
000276,20210319,1
000276,20210320,1
000276,20210321,1
000276,20210322,1
000276,20210323,1
000276,20210324,1
000276,20210325,1
000276,20210326,1
000276,20210327,1
000276,20210328,1
000276,20210329,1
000276,20210330,1
000276,20210331,1
000276,20210401,1
000276,20210402,1
000276,20210403,1
000276,20210404,1
000276,20210405,1
000276,20210406,1
000276,20210407,1
000276,20210408,1
000276,20210409,1
000276,20210412,1
000276,20210413,1
000276,20210414,1
000276,20210415,1
000276,20210416,1
000276,20210417,1
000276,20210418,1
000276,20210419,1
000276,20210420,1
000276,20210421,1
000276,20210422,1
000276,20210423,1
000276,20210424,1
000276,20210425,1
000276,20210426,1
000276,20210427,1
000276,20210428,1
000276,20210429,1
000276,20210430,1
000276,20210501,1
000276,20210502,1
000277,20210503,1
000277,20210504,1
000277,20210505,1
000277,20210506,1
000277,20210507,1
000277,20210509,1
000277,20210510,1
000277,20210511,1
000277,20210512,1
000277,20210513,1
000277,20210514,1
000277,20210515,1
000277,20210516,1
000277,20210517,1
000277,20210518,1
000277,20210519,1
000277,20210520,1
000277,20210521,1
000277,20210522,1
000277,20210523,1
000277,20210524,1
000277,20210525,1
000277,20210526,1
000277,20210527,1
000277,20210528,1
000277,20210531,1
000277,20210601,1
000277,20210602,1
000277,20210603,1
000277,20210604,1
000277,20210607,1
000277,20210608,1
000278,20210312,1
000278,20210319,1
000278,20210320,1
000278,20210321,1
000278,20210326,1
000278,20210327,1
000278,20210328,1
000278,20210402,1
000278,20210403,1
000278,20210404,1
000278,20210405,1
000278,20210408,1
000278,20210409,1
000278,20210412,1
000278,20210413,1
000278,20210414,1
000278,20210415,1
000278,20210416,1
000278,20210417,1
000278,20210418,1
000278,20210419,1
000278,20210420,1
000278,20210421,1
000278,20210422,1
000278,20210423,1
000278,20210424,1
000278,20210425,1
000278,20210426,1
000278,20210427,1
000278,20210428,1
000278,20210429,1
000278,20210430,1
000278,20210501,1
000278,20210502,1
000279,20210321,1
000279,20210328,1
000279,20210418,1
000279,20210425,1
000279,20210502,1
000280,20210509,1
000280,20210516,1
000280,20210523,1
000281,20210530,1
000281,20210605,1
000281,20210606,1
000282,20210502,1
000283,20210509,1
000283,20210516,1
000283,20210523,1
000283,20210524,1
000284,20210309,1
000284,20210310,1
000284,20210311,1
000284,20210312,1
000284,20210315,1
000284,20210316,1
000284,20210317,1
000284,20210318,1
000284,20210319,1
000284,20210322,1
000284,20210323,1
000284,20210324,1
000284,20210325,1
000284,20210326,1
000284,20210329,1
000284,20210330,1
000284,20210331,1
000284,20210401,1
000284,20210402,1
000284,20210405,1
000284,20210406,1
000284,20210407,1
000284,20210408,1
000284,20210409,1
000284,20210412,1
000284,20210413,1
000284,20210414,1
000284,20210415,1
000284,20210416,1
000284,20210418,1
000284,20210419,1
000284,20210420,1
000284,20210421,1
000284,20210422,1
000284,20210423,1
000284,20210425,1
000284,20210426,1
000284,20210427,1
000284,20210428,1
000284,20210429,1
000284,20210430,1
000285,20210405,1
000285,20210408,1
000285,20210409,1
000285,20210412,1
000285,20210413,1
000285,20210414,1
000285,20210415,1
000285,20210416,1
000285,20210418,1
000285,20210419,1
000285,20210420,1
000285,20210421,1
000285,20210422,1
000285,20210423,1
000285,20210425,1
000285,20210426,1
000285,20210427,1
000285,20210428,1
000285,20210429,1
000285,20210430,1
000285,20210502,1
000286,20210530,1
000287,20210503,1
000287,20210504,1
000287,20210505,1
000287,20210506,1
000287,20210507,1
000287,20210509,1
000287,20210510,1
000287,20210511,1
000287,20210512,1
000287,20210516,1
000287,20210517,1
000287,20210518,1
000287,20210519,1
000287,20210520,1
000287,20210521,1
000287,20210523,1
000287,20210524,1
000287,20210525,1
000287,20210526,1
000287,20210527,1
000287,20210531,1
000287,20210601,1
000287,20210602,1
000287,20210603,1
000287,20210604,1
000287,20210607,1
000287,20210608,1
000288,20210321,1
000288,20210328,1
000288,20210417,1
000288,20210418,1
000288,20210424,1
000288,20210425,1
000289,20210501,1
000289,20210502,1
000290,20210503,1
000290,20210504,1
000290,20210505,1
000290,20210506,1
000290,20210508,1
000290,20210509,1
000290,20210510,1
000290,20210511,1
000290,20210513,1
000290,20210514,1
000290,20210515,1
000290,20210516,1
000290,20210517,1
000290,20210518,1
000290,20210519,1
000290,20210520,1
000290,20210522,1
000290,20210523,1
000290,20210524,1
000290,20210525,1
000290,20210526,1
000290,20210527,1
000290,20210531,1
000290,20210601,1
000290,20210602,1
000290,20210603,1
000290,20210607,1
000290,20210608,1
000291,20210405,1
000291,20210418,1
000291,20210425,1
000291,20210502,1
000292,20210426,1
000292,20210427,1
000292,20210428,1
000292,20210429,1
000293,20210503,1
000293,20210504,1
000293,20210505,1
000293,20210506,1
000294,20210507,1
000294,20210509,1
000294,20210510,1
000294,20210511,1
000294,20210512,1
000294,20210513,1
000294,20210514,1
000294,20210515,1
000294,20210516,1
000294,20210517,1
000294,20210518,1
000294,20210519,1
000294,20210520,1
000294,20210521,1
000294,20210522,1
000294,20210523,1
000294,20210524,1
000294,20210525,1
000294,20210526,1
000294,20210527,1
000294,20210531,1
000294,20210601,1
000294,20210602,1
000294,20210603,1
000294,20210604,1
000294,20210607,1
000294,20210608,1
000295,20210314,1
000295,20210319,1
000295,20210321,1
000295,20210326,1
000295,20210328,1
000295,20210402,1
000295,20210405,1
000295,20210408,1
000295,20210409,1
000295,20210412,1
000295,20210413,1
000295,20210414,1
000295,20210415,1
000295,20210416,1
000295,20210417,1
000295,20210418,1
000295,20210419,1
000295,20210420,1
000295,20210421,1
000295,20210422,1
000295,20210423,1
000295,20210424,1
000295,20210425,1
000295,20210430,1
000295,20210501,1
000295,20210502,1
000296,20210408,1
000296,20210409,1
000296,20210410,1
000296,20210411,1
000296,20210412,1
000296,20210413,1
000296,20210414,1
000296,20210415,1
000296,20210416,1
000296,20210417,1
000296,20210418,1
000296,20210419,1
000296,20210420,1
000296,20210421,1
000296,20210422,1
000296,20210423,1
000296,20210424,1
000296,20210425,1
000296,20210426,1
000296,20210427,1
000296,20210428,1
000296,20210429,1
000296,20210430,1
000296,20210501,1
000296,20210502,1
000296,20210503,1
000296,20210504,1
000296,20210505,1
000296,20210506,1
000296,20210507,1
000296,20210508,1
000296,20210509,1
000296,20210510,1
000296,20210511,1
000296,20210512,1
000296,20210513,1
000296,20210514,1
000296,20210515,1
000296,20210516,1
000296,20210517,1
000296,20210518,1
000296,20210519,1
000296,20210520,1
000296,20210521,1
000296,20210522,1
000296,20210523,1
000296,20210524,1
000296,20210525,1
000296,20210526,1
000296,20210527,1
000296,20210528,1
000297,20210409,1
000297,20210416,1
000297,20210423,1
000297,20210430,1
000297,20210507,1
000297,20210512,1
000297,20210521,1
000297,20210528,1
000298,20210411,1
000298,20210418,1
000298,20210425,1
000298,20210502,1
000298,20210509,1
000298,20210516,1
000298,20210524,1
000000,20210309,1
000000,20210310,1
000000,20210311,1
000000,20210312,1
000000,20210313,1
000000,20210314,1
000000,20210315,1
000000,20210316,1
000000,20210317,1
000000,20210318,1
000000,20210319,1
000000,20210320,1
000000,20210321,1
000000,20210322,1
000000,20210323,1
000000,20210324,1
000000,20210325,1
000000,20210326,1
000000,20210327,1
000000,20210328,1
000000,20210329,1
000000,20210330,1
000000,20210331,1
000000,20210401,1
000000,20210402,1
000000,20210403,1
000000,20210404,1
000000,20210405,1
000000,20210406,1
000000,20210407,1
000000,20210408,1
000000,20210409,1
000000,20210410,1
000000,20210411,1
000000,20210412,1
000000,20210413,1
000000,20210414,1
000000,20210415,1
000000,20210416,1
000000,20210417,1
000000,20210418,1
000000,20210419,1
000000,20210420,1
000000,20210421,1
000000,20210422,1
000000,20210423,1
000000,20210424,1
000000,20210425,1
000000,20210426,1
000000,20210427,1
000000,20210428,1
000000,20210429,1
000000,20210430,1
000000,20210501,1
000000,20210502,1
000000,20210503,1
000000,20210504,1
000000,20210505,1
000000,20210506,1
000000,20210507,1
000000,20210508,1
000000,20210509,1
000000,20210510,1
000000,20210511,1
000000,20210512,1
000000,20210513,1
000000,20210514,1
000000,20210515,1
000000,20210516,1
000000,20210517,1
000000,20210518,1
000000,20210519,1
000000,20210520,1
000000,20210521,1
000000,20210522,1
000000,20210523,1
000000,20210524,1
000000,20210525,1
000000,20210526,1
000000,20210527,1
000000,20210528,1
000000,20210529,1
000000,20210530,1
000000,20210531,1
000000,20210601,1
000000,20210602,1
000000,20210603,1
000000,20210604,1
000000,20210605,1
000000,20210606,1
000000,20210607,1
000000,20210608,1
