service_id,monday,tuesday,wednesday,thursday,friday,saturday,sunday,start_date,end_date
8258,0,1,1,0,0,0,0,20210601,20210609
8260,1,1,1,1,0,0,0,20210607,20210610
8261,0,1,1,1,1,0,0,20210601,20210611
8262,0,1,1,1,1,1,0,20210601,20210611
8263,1,1,1,1,1,0,0,20210607,20210611
8265,0,0,0,0,0,1,0,20210605,20210612
8271,0,1,1,0,0,0,0,20210504,20210505
8272,0,1,1,1,1,0,0,20210504,20210507
8275,0,0,0,0,0,1,1,20210508,20210509
8276,0,0,0,0,0,1,1,20210501,20210509
8283,0,1,1,1,0,0,0,20210511,20210513
8284,1,1,1,1,0,0,0,20210510,20210513
8286,1,1,1,0,1,0,0,20210510,20210514
8287,1,1,1,1,1,0,0,20210503,20210514
8292,0,1,1,1,1,1,0,20210504,20210515
8294,0,0,0,0,0,1,1,20210508,20210516
8296,0,1,1,0,0,0,0,20210518,20210519
8300,0,1,1,1,1,1,0,20210518,20210522
8302,0,0,0,0,0,1,1,20210522,20210523
8305,0,0,0,0,0,1,0,20210522,20210523
8306,0,0,0,0,0,1,1,20210522,20210523
8307,0,0,0,0,0,1,1,20210513,20210523
8308,0,0,0,0,0,1,1,20210513,20210523
8312,1,1,1,1,1,0,0,20210503,20210516
8313,0,1,1,0,1,0,0,20210525,20210528
8314,0,1,0,1,1,0,0,20210525,20210611
8315,0,0,1,1,1,0,0,20210526,20210528
8317,1,1,1,1,1,0,0,20210503,20210528
8318,1,1,1,1,1,0,0,20210503,20210528
8319,1,1,1,1,1,0,0,20210503,20210528
8323,0,0,0,0,0,1,0,20210522,20210605
8324,1,0,0,0,0,1,0,20210522,20210605
8325,0,0,1,1,0,1,0,20210526,20210529
8326,0,1,1,1,1,1,0,20210504,20210529
8329,0,0,0,0,0,0,1,20210523,20210606
8330,0,0,0,0,0,0,1,20210501,20210606
8332,1,0,0,0,0,0,1,20210523,20210606
8335,0,0,0,0,0,1,1,20210529,20210530
8337,0,0,0,0,0,1,1,20210501,20210509
8338,1,0,0,0,0,1,1,20210524,20210606
8339,1,0,0,0,0,1,1,20210522,20210530
8340,1,0,0,0,0,1,1,20210522,20210606
8342,1,1,1,1,1,0,0,20210531,20210604
8343,1,1,1,1,1,0,0,20210531,20210611
8344,1,1,1,1,1,0,0,20210531,20210611
8345,1,0,0,0,0,0,0,20210525,20210607
8346,1,0,1,0,0,0,0,20210526,20210609
8348,1,1,1,1,1,0,0,20210525,20210610
8349,1,1,1,1,1,0,0,20210525,20210611
8350,1,1,1,1,1,0,0,20210503,20210611
8351,1,1,1,1,1,0,0,20210524,20210611
8353,1,0,0,0,0,0,1,20210502,20210516
8354,1,1,0,0,0,0,1,20210523,20210607
8364,0,0,0,0,0,1,1,20210403,20210404
8372,0,0,0,0,0,1,1,20210403,20210404
8374,1,1,0,0,0,0,0,20210405,20210406
8376,0,1,1,0,0,0,0,20210406,20210407
8380,0,0,0,0,1,0,0,20210402,20210409
8382,1,1,1,1,1,0,0,20210405,20210409
8387,0,0,0,0,0,1,0,20210403,20210410
8388,0,0,0,0,0,1,1,20210403,20210410
8389,0,1,1,1,1,1,0,20210406,20210410
8395,0,0,0,0,0,0,1,20210426,20210612
8396,0,0,0,0,0,0,1,20210404,20210411
8398,0,0,0,0,0,1,1,20210410,20210411
8399,0,0,0,0,0,1,1,20210403,20210411
8406,0,1,1,1,1,0,0,20210406,20210413
8409,0,1,1,0,0,0,0,20210413,20210414
8412,1,1,1,1,0,0,0,20210412,20210415
8416,1,1,1,1,1,0,0,20210412,20210416
8417,1,1,1,1,1,0,0,20210406,20210416
8418,1,1,1,1,1,0,0,20210406,20210418
8419,1,1,1,1,1,0,0,20210406,20210418
8420,1,1,1,1,1,0,0,20210405,20210418
8424,0,0,0,0,0,1,0,20210410,20210417
8426,0,0,0,0,0,1,0,20210426,20210515
8427,0,0,0,0,0,1,0,20210403,20210417
8428,0,0,0,0,0,1,1,20210410,20210417
8429,0,1,1,1,1,1,0,20210413,20210417
8430,0,1,1,1,1,1,0,20210407,20210417
8431,0,1,1,1,1,1,0,20210426,20210515
8432,0,1,1,1,1,1,0,20210406,20210418
8434,0,0,0,0,0,0,1,20210412,20210418
8435,0,0,0,0,0,0,1,20210404,20210418
8436,1,0,0,0,0,0,1,20210404,20210418
8437,0,0,0,0,0,1,1,20210417,20210418
8438,0,0,0,0,0,1,1,20210412,20210418
8440,0,0,0,0,0,1,1,20210405,20210418
8441,0,0,0,0,0,1,1,20210403,20210418
8446,1,1,0,0,0,0,0,20210405,20210411
8448,0,0,0,0,0,0,1,20210404,20210418
8449,0,1,1,0,0,0,0,20210413,20210421
8452,0,0,0,0,1,0,0,20210402,20210423
8453,0,1,0,1,1,0,0,20210415,20210423
8454,1,1,1,1,1,0,0,20210419,20210423
8455,1,1,1,1,1,0,0,20210517,20210611
8456,1,1,1,1,1,0,0,20210412,20210423
8458,1,1,1,1,1,0,0,20210524,20210611
8464,0,0,0,0,0,1,0,20210517,20210612
8466,0,0,0,0,0,1,0,20210419,20210612
8470,0,0,0,0,0,1,0,20210410,20210424
8472,0,0,0,0,0,1,0,20210403,20210424
8474,0,0,0,0,0,1,0,20210510,20210612
8475,0,0,0,0,0,1,0,20210405,20210605
8476,0,1,1,1,1,1,0,20210517,20210611
8477,0,1,1,1,1,1,0,20210413,20210424
8478,0,1,1,1,1,1,0,20210524,20210611
8483,0,0,0,0,0,0,1,20210419,20210425
8485,0,0,0,0,0,0,1,20210510,20210606
8498,0,0,0,0,0,0,1,20210404,20210516
8499,0,0,0,0,0,0,1,20210412,20210425
8501,0,0,0,0,0,0,1,20210412,20210606
8503,0,0,0,0,0,1,1,20210503,20210509
8504,0,0,0,0,0,1,1,20210424,20210612
8505,0,0,0,0,0,1,1,20210424,20210612
8506,0,0,0,0,0,1,1,20210419,20210425
8508,0,0,0,0,0,1,1,20210419,20210612
8511,0,0,0,0,0,1,1,20210412,20210425
8513,0,0,0,0,0,1,1,20210410,20210612
8514,0,0,0,0,0,1,1,20210403,20210425
8516,0,0,0,0,0,1,1,20210403,20210502
8517,0,0,0,0,0,1,1,20210403,20210606
8518,0,0,0,0,0,1,1,20210403,20210612
8519,0,0,0,0,0,1,1,20210403,20210425
8520,0,0,0,0,0,1,1,20210403,20210502
8521,0,0,0,0,0,1,1,20210403,20210502
8522,0,0,0,0,0,1,1,20210403,20210612
8523,0,0,0,0,0,1,1,20210412,20210523
8524,0,0,0,0,0,1,1,20210403,20210612
8525,1,0,0,0,0,0,0,20210426,20210523
8527,1,0,1,0,0,0,0,20210414,20210426
8528,0,0,0,0,0,0,1,20210425,20210509
8529,1,0,0,0,0,0,1,20210404,20210426
8530,1,0,0,0,0,0,1,20210404,20210426
8531,1,0,0,0,0,0,1,20210404,20210425
8532,1,0,0,0,0,0,1,20210404,20210607
8533,1,0,1,0,0,0,0,20210428,20210519
8534,0,1,1,0,0,0,0,20210427,20210428
8535,0,1,1,1,0,0,0,20210419,20210603
8538,1,1,1,1,0,0,0,20210419,20210610
8544,0,0,0,0,1,0,0,20210423,20210604
8545,0,0,0,0,1,0,0,20210423,20210611
8549,0,1,0,1,1,0,0,20210427,20210521
8550,1,1,1,1,1,0,0,20210427,20210521
8551,1,1,1,1,1,0,0,20210427,20210611
8552,0,1,1,1,1,1,0,20210426,20210522
8553,0,1,1,1,1,1,0,20210420,20210501
8555,0,1,1,1,1,0,0,20210419,20210604
8557,0,1,1,1,1,1,0,20210420,20210502
8558,0,1,1,1,1,1,0,20210420,20210605
8559,0,1,1,1,1,1,0,20210420,20210611
8560,0,1,1,1,1,1,0,20210407,20210611
8563,1,1,1,1,1,0,0,20210426,20210611
8565,1,1,1,1,1,0,0,20210426,20210521
8569,1,1,1,1,0,0,0,20210419,20210430
8570,1,1,1,1,1,0,0,20210419,20210430
8571,1,1,1,1,1,0,0,20210419,20210514
8573,1,1,1,1,1,0,0,20210419,20210502
8574,1,1,1,1,1,0,0,20210419,20210516
8575,1,1,1,1,1,0,0,20210419,20210611
8576,1,1,1,1,1,0,0,20210419,20210604
8577,1,1,1,1,1,0,0,20210419,20210611
8578,1,1,1,1,1,0,0,20210419,20210611
8579,1,1,1,1,1,0,0,20210419,20210612
8580,1,1,1,1,1,0,0,20210416,20210509
8581,1,1,1,1,1,0,0,20210416,20210516
8584,1,1,1,1,1,0,0,20210414,20210521
8591,1,1,1,1,1,0,0,20210412,20210611
8593,1,1,1,1,1,0,0,20210406,20210611
8598,1,0,0,0,0,0,1,20210404,20210516
8602,0,0,0,0,0,1,1,20210403,20210418
8611,1,1,1,1,1,0,0,20210419,20210611
8612,0,0,0,1,1,0,0,20210304,20210305
8622,1,1,1,1,1,0,0,20210419,20210611
8624,1,1,1,1,1,0,0,20210412,20210516
8625,1,1,1,1,1,0,0,20210412,20210523
8637,0,0,0,0,0,1,0,20210329,20210612
8638,0,0,0,0,1,1,0,20210305,20210306
8639,0,0,0,1,1,1,0,20210304,20210306
8640,0,1,1,1,1,1,0,20210412,20210523
8646,0,0,0,0,0,0,1,20210329,20210606
8648,0,0,0,0,0,1,1,20210306,20210307
8653,0,0,0,0,0,1,1,20210412,20210523
8658,1,1,0,0,0,0,0,20210308,20210309
8661,1,1,1,0,0,0,0,20210308,20210310
8665,1,1,1,1,0,0,0,20210419,20210610
8666,0,0,0,1,1,0,0,20210311,20210312
8667,0,0,0,1,1,0,0,20210305,20210312
8668,0,0,0,1,1,0,0,20210304,20210312
8670,1,1,1,1,1,0,0,20210419,20210611
8671,0,1,1,1,1,0,0,20210309,20210312
8673,1,1,1,1,1,0,0,20210308,20210312
8677,1,1,1,1,1,0,0,20210304,20210312
8678,1,1,1,1,1,0,0,20210304,20210312
8681,1,1,1,1,1,0,0,20210405,20210418
8683,1,1,1,1,1,0,0,20210419,20210611
8684,1,1,1,1,1,0,0,20210419,20210611
8685,1,1,1,1,1,0,0,20210412,20210611
8686,1,1,1,1,1,0,0,20210419,20210611
8702,0,0,0,0,0,1,0,20210510,20210612
8703,0,0,0,0,0,1,0,20210306,20210313
8705,0,0,0,0,0,1,0,20210503,20210612
8707,0,0,0,0,0,1,0,20210329,20210516
8709,0,0,0,0,0,1,0,20210510,20210612
8710,0,0,0,0,0,1,0,20210329,20210612
8711,0,1,1,1,1,1,0,20210309,20210313
8712,0,1,1,1,1,1,0,20210304,20210313
8713,1,1,1,1,1,1,0,20210308,20210313
8720,0,0,0,0,0,0,1,20210329,20210404
8722,0,0,0,0,0,0,1,20210510,20210606
8723,0,0,0,0,0,0,1,20210307,20210314
8728,0,0,0,0,0,1,1,20210313,20210314
8737,0,0,0,0,0,1,1,20210329,20210411
8738,0,0,0,0,0,1,1,20210329,20210411
8742,0,0,0,0,0,1,1,20210412,20210612
8743,0,0,0,0,0,1,1,20210329,20210612
8744,0,0,0,0,0,1,1,20210329,20210612
8745,0,0,0,0,0,1,1,20210306,20210314
8748,0,0,0,0,0,1,1,20210503,20210612
8749,0,0,0,0,0,1,1,20210503,20210606
8750,0,0,0,0,0,1,1,20210503,20210612
8751,0,0,0,0,0,1,1,20210329,20210516
8752,0,0,0,0,0,1,1,20210329,20210612
8753,0,0,0,0,0,1,1,20210329,20210612
8754,0,0,0,0,0,1,1,20210329,20210516
8755,0,0,0,0,0,1,1,20210329,20210516
8756,0,0,0,0,0,1,1,20210329,20210523
8757,0,0,0,0,0,1,1,20210329,20210516
8758,0,0,0,0,0,1,1,20210329,20210612
8759,0,0,0,0,0,1,1,20210329,20210612
8762,0,0,0,0,0,0,1,20210315,20210321
8763,0,1,1,1,1,0,0,20210419,20210604
8764,1,0,0,0,0,0,0,20210308,20210315
8766,0,0,0,0,0,0,1,20210314,20210321
8767,1,0,0,0,0,0,1,20210307,20210315
8769,1,0,0,0,0,0,1,20210329,20210607
8772,1,0,1,0,0,0,0,20210315,20210317
8773,0,1,1,0,0,0,0,20210316,20210317
8774,1,0,0,1,0,0,0,20210315,20210318
8775,0,1,1,1,0,0,0,20210309,20210318
8776,1,1,1,1,0,0,0,20210315,20210318
8780,1,1,1,1,0,0,0,20210308,20210318
8783,1,1,1,1,1,0,0,20210304,20210318
8785,0,0,0,0,1,0,0,20210419,20210611
8786,0,0,0,0,1,0,0,20210419,20210611
8787,0,0,0,0,1,0,0,20210312,20210319
8792,1,1,0,1,1,0,0,20210315,20210319
8794,0,0,1,1,1,0,0,20210317,20210319
8795,0,1,1,1,1,0,0,20210316,20210319
8796,0,1,1,1,1,0,0,20210309,20210319
8797,0,1,1,1,1,1,0,20210304,20210319
8798,1,1,1,1,1,0,0,20210315,20210319
8805,1,1,1,1,1,0,0,20210311,20210319
8807,1,1,1,1,1,0,0,20210308,20210319
8808,1,1,1,1,1,0,0,20210304,20210319
8809,1,1,1,1,1,0,0,20210304,20210319
8810,1,1,1,1,1,0,0,20210304,20210321
8817,0,0,0,0,0,1,0,20210419,20210514
8818,0,0,0,0,0,1,0,20210419,20210508
8819,0,0,0,0,0,1,0,20210419,20210508
8820,0,0,0,0,0,1,0,20210412,20210508
8821,0,0,0,0,0,1,0,20210510,20210612
8822,0,0,0,0,0,1,0,20210412,20210508
8826,0,0,0,0,0,1,0,20210419,20210612
8827,0,0,0,0,0,1,0,20210419,20210612
8828,0,0,0,0,0,1,0,20210412,20210424
8829,0,0,0,0,0,1,1,20210315,20210321
8830,0,0,0,0,0,1,0,20210412,20210425
8831,0,0,0,0,0,1,0,20210412,20210425
8832,0,0,0,0,0,1,0,20210313,20210320
8840,0,0,0,0,0,1,0,20210510,20210612
8841,0,0,0,0,0,1,0,20210306,20210320
8844,0,0,0,0,0,1,0,20210510,20210612
8845,0,1,1,1,1,1,0,20210316,20210320
8846,0,1,1,1,1,1,0,20210304,20210320
8853,0,0,0,0,0,0,1,20210419,20210509
8854,0,0,0,0,0,0,1,20210419,20210509
8855,0,0,0,0,0,0,1,20210412,20210509
8856,0,0,0,0,0,0,1,20210329,20210606
8857,0,0,0,0,0,0,1,20210412,20210509
8858,0,0,0,0,0,1,1,20210412,20210425
8859,0,0,0,0,0,0,1,20210419,20210502
8860,0,0,0,0,0,0,1,20210315,20210321
8862,0,0,0,0,0,0,1,20210419,20210606
8863,0,0,0,0,0,0,1,20210412,20210425
8864,0,0,0,0,0,0,1,20210329,20210606
8865,0,0,0,0,0,0,1,20210329,20210425
8866,0,0,0,0,0,0,1,20210419,20210523
8867,0,0,0,0,0,0,1,20210419,20210612
8868,0,0,0,0,0,0,1,20210314,20210321
8872,0,0,0,0,0,0,1,20210307,20210321
8874,0,0,0,0,0,0,1,20210405,20210425
8875,0,0,0,0,0,0,1,20210510,20210606
8876,0,0,0,0,0,0,1,20210419,20210509
8877,1,0,0,0,0,0,1,20210510,20210531
8878,0,0,0,0,0,1,1,20210320,20210321
8882,0,0,0,0,0,1,1,20210419,20210509
8883,0,0,0,0,0,1,1,20210412,20210509
8884,0,0,0,0,0,1,1,20210405,20210502
8885,0,0,0,0,0,1,1,20210329,20210502
8886,0,0,0,0,0,1,1,20210329,20210502
8887,0,0,0,0,0,1,1,20210329,20210612
8888,0,0,0,0,0,1,1,20210315,20210321
8889,0,0,0,0,0,1,1,20210412,20210425
8890,0,0,0,0,0,1,1,20210412,20210425
8891,0,0,0,0,0,1,1,20210412,20210425
8892,0,0,0,0,0,1,1,20210412,20210425
8893,0,0,0,0,0,1,1,20210315,20210321
8895,0,0,0,0,0,1,1,20210315,20210321
8896,0,0,0,0,0,0,1,20210419,20210612
8897,0,0,0,0,0,1,1,20210419,20210612
8898,0,0,0,0,0,1,1,20210419,20210612
8900,0,0,0,0,0,1,1,20210419,20210612
8901,0,0,0,0,0,1,1,20210412,20210425
8902,0,0,0,0,0,1,1,20210412,20210425
8903,0,0,0,0,0,1,1,20210412,20210425
8904,0,0,0,0,0,1,1,20210412,20210425
8905,0,0,0,0,0,1,1,20210405,20210612
8906,0,0,0,0,0,1,1,20210329,20210612
8907,1,1,1,1,1,1,1,20210419,20210612
8908,0,0,0,0,0,1,1,20210412,20210425
8909,0,0,0,0,0,1,1,20210412,20210425
8910,0,0,0,0,0,1,1,20210412,20210425
8911,0,0,0,0,0,1,1,20210412,20210425
8912,0,0,0,0,0,1,1,20210412,20210425
8913,0,0,0,0,0,1,1,20210313,20210321
8915,0,0,0,0,0,1,1,20210329,20210612
8917,0,0,0,0,0,1,1,20210329,20210612
8919,0,1,1,1,1,1,0,20210412,20210509
8920,0,0,0,0,0,1,1,20210405,20210612
8921,0,0,0,0,0,1,1,20210306,20210321
8922,0,0,0,0,0,1,1,20210405,20210516
8923,0,0,0,0,0,1,1,20210405,20210612
8924,0,0,0,0,0,1,1,20210405,20210612
8925,0,0,0,0,0,1,1,20210405,20210612
8926,1,1,1,1,1,1,1,20210304,20210321
8928,1,0,0,0,0,0,0,20210419,20210509
8929,1,0,0,0,0,0,0,20210304,20210314
8930,1,0,0,0,0,0,0,20210426,20210523
8931,1,0,0,0,0,0,0,20210315,20210322
8933,1,0,0,0,0,0,0,20210308,20210322
8934,1,0,0,0,0,0,1,20210307,20210607
8938,0,0,0,0,0,0,1,20210426,20210502
8939,0,0,0,0,0,0,1,20210307,20210321
8940,0,0,0,0,0,0,1,20210307,20210606
8941,1,0,0,0,0,0,1,20210307,20210607
8942,0,1,0,0,0,0,0,20210309,20210323
8944,1,1,1,0,0,0,0,20210322,20210324
8947,1,1,1,1,1,0,0,20210315,20210325
8948,1,0,1,1,0,0,0,20210322,20210325
8949,0,1,1,1,0,0,0,20210323,20210325
8950,1,1,1,1,0,0,0,20210322,20210325
8952,1,1,1,1,0,0,0,20210308,20210328
8953,1,1,1,1,0,0,0,20210304,20210328
8956,0,0,0,0,1,0,0,20210326,20210416
8958,0,0,0,0,1,0,0,20210319,20210326
8959,0,0,0,0,1,0,0,20210412,20210502
8960,0,0,0,0,1,0,0,20210319,20210611
8961,0,0,0,0,1,0,0,20210312,20210328
8962,0,0,0,0,1,0,0,20210312,20210416
8967,0,0,0,0,1,0,0,20210305,20210402
8969,0,0,0,0,1,0,0,20210305,20210328
8970,0,0,0,0,1,0,0,20210305,20210416
8975,0,0,0,0,1,0,0,20210305,20210611
8977,0,0,0,0,1,0,0,20210305,20210418
8979,0,0,0,0,1,0,0,20210304,20210418
8980,1,1,1,1,1,1,1,20210419,20210612
8984,0,1,1,1,1,0,0,20210304,20210314
8985,0,1,1,1,1,0,0,20210305,20210326
8986,0,1,1,1,1,0,0,20210304,20210326
8987,1,1,1,1,1,0,0,20210322,20210326
8992,1,1,1,1,1,0,0,20210304,20210314
8993,1,1,1,1,1,1,1,20210503,20210612
8994,1,1,1,1,1,0,0,20210315,20210326
8995,1,1,1,1,1,0,0,20210405,20210425
8996,1,1,1,1,1,0,0,20210315,20210328
8997,1,1,1,1,1,0,0,20210315,20210611
8998,1,1,1,1,1,0,0,20210426,20210611
8999,1,1,1,1,1,0,0,20210315,20210326
9000,1,1,1,1,1,0,0,20210315,20210328
9003,1,1,1,1,1,0,0,20210308,20210326
9005,1,1,1,1,1,0,0,20210308,20210328
9006,1,1,1,1,1,0,0,20210308,20210328
9007,1,1,1,1,1,0,0,20210305,20210326
9008,1,1,1,1,1,0,0,20210305,20210611
9009,1,1,1,1,1,0,0,20210304,20210326
9010,1,1,1,1,1,0,0,20210503,20210611
9011,1,1,1,1,1,0,0,20210304,20210328
9012,1,1,1,1,1,0,0,20210304,20210328
9013,0,0,0,0,1,0,0,20210329,20210425
9014,1,1,1,1,1,0,0,20210412,20210514
9015,1,1,1,1,1,0,0,20210412,20210611
9022,0,0,0,0,0,1,0,20210327,20210403
9023,0,0,0,0,0,0,1,20210329,20210404
9024,0,0,0,0,0,1,1,20210327,20210404
9028,0,0,0,0,0,1,0,20210510,20210612
9029,0,0,0,0,0,1,0,20210510,20210612
9030,0,0,0,0,0,1,1,20210517,20210612
9031,0,0,0,0,0,1,0,20210405,20210411
9032,0,0,0,0,0,0,1,20210405,20210411
9033,0,0,0,0,0,0,1,20210329,20210411
9034,0,0,0,0,0,1,1,20210405,20210411
9036,0,0,0,0,0,1,1,20210327,20210411
9037,0,0,0,0,0,1,0,20210327,20210404
9038,0,0,0,0,0,1,1,20210327,20210404
9043,0,0,0,0,0,1,0,20210327,20210529
9044,0,0,0,0,0,1,0,20210510,20210612
9045,0,0,0,0,0,1,0,20210327,20210612
9046,0,0,0,0,0,1,0,20210327,20210605
9051,0,0,0,0,0,1,0,20210322,20210403
9052,0,0,0,0,0,1,0,20210322,20210404
9054,0,0,0,0,0,1,0,20210405,20210612
9055,0,0,0,0,0,1,0,20210322,20210612
9056,0,0,0,0,0,1,0,20210322,20210425
9057,0,0,0,0,0,1,0,20210322,20210509
9058,0,0,0,0,0,1,1,20210322,20210612
9059,0,0,0,0,0,1,0,20210320,20210327
9060,0,0,0,0,0,1,0,20210510,20210612
9065,0,0,0,0,0,1,0,20210510,20210612
9066,0,0,0,0,0,1,0,20210320,20210501
9069,0,0,0,0,0,1,0,20210320,20210522
9071,0,0,0,0,0,1,0,20210320,20210425
9073,0,0,0,0,0,1,0,20210315,20210411
9075,0,0,0,0,0,1,0,20210510,20210612
9078,0,0,0,0,0,1,0,20210315,20210425
9079,0,0,0,0,0,1,0,20210315,20210425
9080,0,0,0,0,0,1,0,20210315,20210425
9081,0,0,0,0,0,1,0,20210315,20210418
9082,0,0,0,0,0,1,0,20210315,20210425
9083,0,0,0,0,0,1,0,20210315,20210425
9084,0,0,0,0,0,1,0,20210313,20210327
9085,0,0,0,0,0,1,0,20210313,20210410
9087,0,0,0,0,0,1,0,20210510,20210612
9089,0,0,0,0,0,1,0,20210313,20210529
9090,0,0,0,0,0,1,0,20210313,20210425
9091,0,0,0,0,0,1,0,20210313,20210425
9092,0,0,0,0,0,1,0,20210306,20210327
9095,0,0,0,0,0,1,0,20210510,20210612
9096,0,0,0,0,0,1,0,20210306,20210403
9097,0,0,0,0,0,1,0,20210306,20210328
9098,0,0,0,0,0,1,0,20210306,20210411
9099,0,0,0,0,0,1,0,20210510,20210612
9107,0,0,0,0,0,1,0,20210510,20210612
9110,0,0,0,0,0,1,0,20210510,20210612
9111,0,0,0,0,0,1,0,20210405,20210612
9115,0,0,0,0,0,1,0,20210306,20210425
9116,0,0,0,0,0,1,0,20210306,20210425
9117,0,0,0,0,0,1,0,20210306,20210605
9118,0,0,0,0,0,1,0,20210306,20210612
9119,0,0,0,0,0,1,0,20210306,20210425
9120,0,0,0,0,0,1,0,20210306,20210612
9121,0,0,0,0,0,1,0,20210306,20210612
9122,0,0,0,0,0,1,0,20210306,20210425
9123,0,0,0,0,0,1,0,20210306,20210612
9124,0,0,0,0,0,1,0,20210309,20210410
9125,0,0,0,0,0,1,0,20210309,20210529
9126,1,1,1,1,1,0,0,20210412,20210509
9128,0,0,0,0,0,1,1,20210320,20210411
9129,0,0,0,0,0,1,1,20210320,20210523
9130,0,0,0,0,0,1,1,20210412,20210523
9131,0,0,0,0,0,1,1,20210412,20210502
9132,0,0,0,0,0,1,1,20210412,20210502
9133,0,0,0,0,0,1,1,20210315,20210425
9134,0,0,0,0,0,1,1,20210412,20210425
9135,0,0,0,0,0,1,1,20210412,20210502
9136,0,0,0,0,0,1,1,20210315,20210612
9137,0,0,0,0,0,1,1,20210313,20210612
9138,0,0,0,0,0,1,1,20210306,20210612
9140,0,0,0,0,0,1,1,20210306,20210606
9141,0,0,0,0,0,1,1,20210306,20210612
9142,0,0,0,0,0,1,0,20210510,20210612
9143,0,0,0,0,1,1,0,20210326,20210327
9144,0,1,1,1,1,1,0,20210323,20210327
9145,0,1,1,1,1,1,0,20210316,20210327
9146,0,1,1,1,1,1,0,20210412,20210425
9147,0,1,1,1,1,1,0,20210315,20210328
9148,0,1,1,1,1,1,0,20210309,20210327
9151,0,0,0,0,0,1,0,20210329,20210425
9156,0,0,0,0,0,0,1,20210405,20210411
9157,0,0,0,0,0,0,1,20210405,20210411
9158,0,0,0,0,0,0,1,20210405,20210411
9159,0,0,0,0,0,1,1,20210405,20210411
9161,0,0,0,0,0,0,1,20210405,20210411
9162,0,0,0,0,0,0,1,20210419,20210516
9163,0,0,0,0,0,0,1,20210412,20210516
9164,0,0,0,0,0,0,1,20210328,20210606
9165,0,0,0,0,0,0,1,20210328,20210606
9166,0,0,0,0,0,0,1,20210328,20210606
9173,0,0,0,0,0,0,1,20210322,20210606
9175,0,0,0,0,0,0,1,20210322,20210404
9176,0,0,0,0,0,0,1,20210322,20210418
9177,0,0,0,0,0,0,1,20210510,20210606
9178,0,0,0,0,0,0,1,20210322,20210606
9179,0,0,0,0,0,0,1,20210322,20210606
9180,0,0,0,0,0,0,1,20210322,20210425
9181,0,0,0,0,0,0,1,20210322,20210606
9186,0,0,0,0,0,1,1,20210510,20210612
9187,0,0,0,0,0,0,1,20210322,20210606
9188,0,0,0,0,0,1,1,20210412,20210612
9189,0,0,0,0,0,1,1,20210412,20210612
9190,0,0,0,0,0,1,1,20210412,20210612
9191,0,0,0,0,0,1,1,20210412,20210612
9192,0,0,0,0,0,1,1,20210412,20210502
9193,0,0,0,0,0,1,1,20210322,20210612
9196,0,0,0,0,0,0,1,20210322,20210606
9197,0,0,0,0,0,1,0,20210419,20210509
9198,0,0,0,0,0,1,0,20210405,20210509
9199,0,0,0,0,0,1,0,20210419,20210509
9200,0,0,0,0,0,1,0,20210419,20210509
9201,0,0,0,0,0,0,1,20210510,20210606
9205,0,0,0,0,0,0,1,20210321,20210606
9206,0,0,0,0,0,0,1,20210321,20210502
9207,0,0,0,0,0,0,1,20210321,20210502
9208,1,0,0,0,0,0,1,20210412,20210509
9217,0,0,0,0,0,0,1,20210503,20210606
9220,0,0,0,0,0,0,1,20210315,20210502
9221,0,0,0,0,0,0,1,20210315,20210606
9222,0,0,0,0,0,0,1,20210315,20210606
9224,0,0,0,0,0,1,1,20210503,20210612
9225,0,0,0,0,0,0,1,20210307,20210502
9228,1,0,0,0,0,0,1,20210405,20210530
9229,0,0,0,0,0,0,1,20210307,20210328
9235,0,0,0,0,0,0,1,20210426,20210606
9237,0,0,0,0,0,0,1,20210307,20210328
9238,0,0,0,0,0,0,1,20210307,20210411
9242,0,0,0,0,0,0,1,20210510,20210606
9251,0,0,0,0,0,0,1,20210307,20210328
9254,0,0,0,0,0,0,1,20210405,20210606
9255,0,0,0,0,0,0,1,20210307,20210606
9257,0,0,0,0,0,0,1,20210405,20210606
9259,0,0,0,0,0,0,1,20210405,20210516
9260,0,0,0,0,0,0,1,20210307,20210425
9261,0,0,0,0,0,0,1,20210307,20210606
9262,0,0,0,0,0,0,1,20210307,20210606
9263,0,0,0,0,0,0,1,20210307,20210606
9264,0,0,0,0,0,0,1,20210307,20210606
9265,0,0,0,0,0,1,1,20210307,20210606
9266,0,0,0,0,0,1,1,20210306,20210606
9267,1,0,0,0,0,0,1,20210405,20210607
9270,0,0,0,0,0,0,1,20210405,20210509
9271,0,0,0,0,0,0,1,20210405,20210509
9272,0,0,0,0,0,0,1,20210313,20210612
9273,0,0,0,0,0,0,1,20210313,20210612
9274,0,0,0,0,0,0,1,20210313,20210612
9275,0,0,0,0,0,0,1,20210313,20210612
9276,0,0,0,0,0,0,1,20210313,20210612
9277,0,0,0,0,0,0,1,20210313,20210612
9278,1,0,0,0,0,1,1,20210510,20210612
9279,0,0,0,0,0,0,1,20210419,20210509
9280,0,0,0,0,0,0,1,20210419,20210509
9281,0,0,0,0,0,0,1,20210419,20210509
9282,0,0,0,0,0,0,1,20210419,20210509
9290,0,0,0,0,0,0,1,20210320,20210606
9291,0,0,0,0,0,0,1,20210320,20210404
9293,0,0,0,0,0,1,1,20210315,20210516
9294,0,0,0,0,0,1,1,20210405,20210612
9295,0,0,0,0,0,1,1,20210313,20210612
9297,0,0,0,0,0,1,1,20210306,20210612
9298,0,0,0,0,0,1,1,20210306,20210612
9299,0,0,0,0,0,1,1,20210405,20210612
9300,0,0,0,0,0,1,1,20210306,20210612
9301,0,0,0,0,0,1,1,20210306,20210612
9302,0,0,0,0,0,1,1,20210306,20210612
9303,1,1,1,1,1,1,1,20210503,20210612
9306,1,1,1,1,1,1,1,20210503,20210612
9307,0,0,0,0,0,1,1,20210327,20210328
9309,0,0,0,0,0,1,1,20210327,20210404
9311,0,0,0,0,0,1,1,20210524,20210612
9312,0,0,0,0,0,1,1,20210510,20210612
9313,0,0,0,0,0,1,1,20210327,20210612
9314,0,0,0,0,0,1,1,20210327,20210612
9315,0,0,0,0,0,1,1,20210327,20210425
9316,1,1,1,1,1,1,1,20210327,20210612
9319,0,0,0,0,0,1,1,20210322,20210612
9320,0,0,0,0,0,1,1,20210308,20210314
9321,0,0,0,0,0,1,1,20210322,20210612
9322,0,0,0,0,0,1,1,20210322,20210404
9323,0,0,0,0,0,1,1,20210322,20210418
9324,0,0,0,0,0,1,1,20210322,20210418
9325,0,0,0,0,0,1,1,20210405,20210612
9326,0,0,0,0,0,1,1,20210405,20210612
9327,0,0,0,0,0,1,1,20210322,20210612
9328,0,0,0,0,0,1,1,20210322,20210612
9329,0,0,0,0,0,1,1,20210322,20210612
9330,0,0,0,0,0,1,1,20210322,20210425
9331,0,0,0,0,0,1,1,20210322,20210612
9332,0,0,0,0,0,1,1,20210322,20210612
9333,0,0,0,0,0,1,1,20210322,20210612
9334,1,1,1,1,1,1,1,20210419,20210523
9335,1,1,1,1,1,1,1,20210419,20210612
9336,1,1,1,1,1,1,1,20210419,20210612
9337,1,1,1,1,1,1,1,20210322,20210612
9338,1,1,1,1,1,1,1,20210322,20210612
9339,1,1,1,1,1,1,1,20210426,20210523
9340,0,0,0,0,0,1,1,20210320,20210425
9341,0,0,0,0,0,1,1,20210314,20210404
9342,0,0,0,0,0,1,0,20210313,20210612
9343,0,0,0,0,0,0,1,20210314,20210606
9344,0,0,0,0,0,0,1,20210405,20210606
9345,0,0,0,0,0,0,1,20210405,20210509
9346,0,0,0,0,0,1,1,20210510,20210612
9347,0,0,0,0,0,1,1,20210510,20210612
9348,0,0,0,0,0,1,1,20210510,20210612
9349,0,0,0,0,0,1,1,20210322,20210404
9350,0,0,0,0,0,1,1,20210405,20210612
9351,0,0,0,0,0,1,1,20210405,20210612
9352,0,0,0,0,0,1,1,20210405,20210612
9353,0,0,0,0,0,1,1,20210307,20210612
9354,0,0,0,0,0,1,1,20210517,20210612
9355,0,0,0,0,0,1,1,20210306,20210509
9356,0,0,0,0,0,1,1,20210306,20210612
9357,0,0,0,0,0,1,1,20210306,20210612
9358,0,0,0,0,0,1,1,20210320,20210328
9359,0,0,0,0,0,1,1,20210426,20210612
9360,0,0,0,0,0,1,1,20210320,20210502
9361,0,0,0,0,0,1,1,20210320,20210502
9362,0,0,0,0,0,1,1,20210320,20210612
9363,0,0,0,0,0,1,1,20210320,20210612
9364,0,0,0,0,0,1,1,20210315,20210328
9365,0,0,0,0,0,1,1,20210503,20210612
9366,0,0,0,0,0,1,1,20210503,20210612
9369,0,0,0,0,0,1,1,20210315,20210404
9370,0,0,0,0,0,1,1,20210503,20210612
9371,0,0,0,0,0,1,1,20210503,20210612
9372,0,0,0,0,0,1,1,20210503,20210612
9373,0,0,0,0,0,1,1,20210503,20210612
9375,0,0,0,0,0,1,1,20210315,20210502
9376,0,0,0,0,0,1,1,20210315,20210502
9377,0,0,0,0,0,1,1,20210315,20210516
9378,0,0,0,0,0,1,1,20210315,20210502
9379,0,0,0,0,0,1,1,20210315,20210612
9381,0,0,0,0,0,1,1,20210315,20210612
9382,0,0,0,0,0,1,1,20210315,20210612
9383,0,0,0,0,0,1,1,20210315,20210418
9384,0,0,0,0,0,1,1,20210306,20210612
9385,0,0,0,0,0,1,1,20210315,20210516
9386,0,0,0,0,0,1,1,20210315,20210516
9387,0,0,0,0,0,1,1,20210315,20210516
9388,0,0,0,0,0,1,1,20210304,20210612
9390,0,0,0,0,0,1,1,20210313,20210612
9391,0,0,0,0,0,1,1,20210405,20210612
9392,0,0,0,0,0,1,1,20210313,20210612
9393,0,0,0,0,0,1,1,20210313,20210612
9395,0,0,0,0,0,1,1,20210313,20210612
9396,0,0,0,0,0,1,1,20210313,20210612
9397,0,0,0,0,0,1,1,20210313,20210612
9398,0,0,0,0,0,1,1,20210313,20210612
9399,0,0,0,0,0,1,1,20210313,20210612
9403,0,0,0,0,0,1,1,20210307,20210612
9404,0,0,0,0,0,1,1,20210307,20210612
9405,0,0,0,0,0,1,1,20210306,20210328
9407,0,0,0,0,0,1,1,20210306,20210404
9408,0,0,0,0,0,1,0,20210503,20210605
9409,0,0,0,0,0,1,1,20210306,20210328
9410,0,0,0,0,0,1,1,20210426,20210612
9411,0,0,0,0,0,1,1,20210426,20210612
9412,0,0,0,0,0,1,1,20210306,20210411
9413,0,0,0,0,0,1,1,20210306,20210411
9415,0,0,0,0,0,1,1,20210426,20210612
9417,0,0,0,0,0,1,1,20210306,20210516
9418,0,0,0,0,0,1,1,20210306,20210612
9419,0,0,0,0,0,1,1,20210306,20210612
9420,0,0,0,0,0,1,1,20210306,20210612
9421,0,0,0,0,0,1,1,20210306,20210612
9422,0,0,0,0,0,1,1,20210306,20210612
9423,0,0,0,0,0,1,1,20210405,20210612
9425,0,0,0,0,0,1,1,20210306,20210606
9426,0,0,0,0,0,1,1,20210306,20210612
9427,0,0,0,0,0,1,1,20210306,20210612
9431,0,0,0,0,0,1,1,20210405,20210612
9432,0,0,0,0,0,1,1,20210306,20210612
9433,0,0,0,0,0,1,1,20210306,20210612
9435,0,0,0,0,0,1,1,20210306,20210612
9437,0,0,0,0,0,1,1,20210306,20210612
9438,0,0,0,0,0,1,1,20210306,20210612
9439,0,0,0,0,0,1,1,20210306,20210606
9441,0,0,0,0,0,1,1,20210306,20210612
9442,0,0,0,0,0,1,1,20210306,20210612
9443,0,0,0,0,0,1,1,20210306,20210418
9444,1,1,1,1,1,1,1,20210419,20210523
9445,1,1,1,1,1,1,1,20210419,20210612
9446,0,0,0,0,0,1,1,20210304,20210328
9447,0,0,0,0,0,1,1,20210307,20210612
9448,0,0,0,0,0,1,1,20210304,20210612
9450,1,1,1,1,1,1,1,20210322,20210328
9451,1,1,1,1,1,0,0,20210308,20210328
9453,1,1,1,1,1,1,1,20210308,20210612
9454,1,1,1,1,1,1,1,20210304,20210612
9455,1,1,1,1,1,1,1,20210304,20210328
9457,1,0,0,0,0,0,1,20210329,20210607
9458,1,0,0,0,0,0,0,20210419,20210607
9459,1,0,0,0,0,0,1,20210412,20210607
9460,0,0,0,0,0,0,1,20210314,20210321
9462,1,0,0,0,0,0,0,20210322,20210412
9463,1,0,0,0,0,0,1,20210329,20210516
9465,1,0,0,0,0,0,0,20210315,20210611
9466,1,0,0,0,0,0,0,20210315,20210611
9469,1,0,0,0,0,0,0,20210308,20210404
9470,1,0,0,0,0,0,0,20210308,20210412
9472,1,0,0,0,0,0,0,20210412,20210607
9474,1,0,0,0,0,0,0,20210308,20210607
9475,1,0,0,0,0,0,0,20210308,20210607
9476,1,0,0,0,0,0,1,20210329,20210516
9477,1,1,1,1,1,0,0,20210412,20210523
9478,1,0,0,0,0,0,0,20210308,20210523
9481,1,0,0,0,0,0,0,20210412,20210523
9485,1,1,1,1,1,0,0,20210304,20210611
9487,1,0,0,0,0,0,1,20210328,20210425
9488,0,0,0,0,0,0,1,20210322,20210328
9489,1,0,0,0,0,0,1,20210307,20210607
9490,1,0,0,0,0,0,1,20210307,20210607
9492,1,0,0,0,0,0,1,20210307,20210607
9493,1,0,0,0,0,0,1,20210321,20210329
9494,1,0,0,0,0,0,1,20210308,20210607
9495,1,0,0,0,0,0,1,20210307,20210607
9496,1,0,0,0,0,0,1,20210307,20210418
9497,1,0,0,0,0,0,1,20210307,20210418
9498,1,0,0,0,0,0,1,20210307,20210607
9499,1,0,0,0,0,0,1,20210307,20210607
9500,1,0,0,0,0,0,1,20210307,20210607
9501,1,0,0,0,0,0,1,20210307,20210607
9502,1,0,0,0,0,0,1,20210307,20210418
9515,0,1,1,1,1,0,0,20210330,20210402
9517,0,1,1,1,1,1,0,20210330,20210403
9520,0,1,1,1,1,0,0,20210330,20210409
9521,0,1,1,1,1,1,0,20210330,20210410
9525,0,1,1,1,1,1,0,20210517,20210612
9526,0,1,1,1,1,1,0,20210330,20210612
9527,0,1,1,1,1,1,0,20210330,20210501
9528,0,1,1,1,1,1,0,20210330,20210611
9529,0,1,1,1,1,1,0,20210329,20210611
9530,0,1,1,1,1,1,0,20210426,20210529
9531,1,0,0,0,0,0,1,20210405,20210607
9532,0,1,1,1,1,1,0,20210517,20210612
9533,1,1,1,1,1,1,1,20210321,20210607
9534,0,1,1,1,0,0,0,20210323,20210415
9536,0,1,1,1,1,0,0,20210323,20210528
9538,0,1,1,1,1,0,0,20210316,20210521
9539,0,1,1,1,1,0,0,20210316,20210528
9542,0,1,1,1,1,0,0,20210309,20210416
9543,0,1,1,1,1,0,0,20210309,20210528
9544,0,1,1,1,1,0,0,20210305,20210611
9545,0,1,1,1,1,0,0,20210304,20210402
9549,0,1,1,1,1,0,0,20210304,20210611
9551,0,1,1,1,1,1,0,20210329,20210417
9554,0,1,1,1,1,1,0,20210323,20210513
9555,0,1,1,1,1,1,0,20210323,20210529
9556,0,1,1,1,1,1,0,20210323,20210529
9557,0,1,1,1,1,0,0,20210322,20210411
9558,0,1,1,1,1,1,0,20210304,20210612
9559,0,1,1,1,1,1,0,20210316,20210403
9561,0,1,1,1,1,1,0,20210309,20210403
9562,0,1,1,1,1,1,0,20210309,20210410
9563,0,1,1,1,1,1,0,20210309,20210417
9564,0,1,1,1,1,1,0,20210309,20210424
9565,0,1,1,1,1,1,0,20210304,20210611
9566,0,1,1,1,1,1,0,20210322,20210516
9567,1,1,1,1,1,1,1,20210304,20210611
9568,1,1,1,1,1,1,1,20210307,20210612
9569,1,1,1,1,1,0,0,20210329,20210402
9572,1,1,1,1,0,0,0,20210329,20210408
9573,1,1,1,1,1,0,0,20210329,20210409
9574,1,1,1,1,1,0,0,20210531,20210611
9575,1,1,1,1,1,0,0,20210329,20210409
9578,1,1,1,1,1,0,0,20210329,20210413
9579,1,1,1,1,1,0,0,20210329,20210416
9584,1,1,1,1,1,0,0,20210426,20210521
9585,1,1,1,1,1,0,0,20210517,20210611
9586,1,1,1,1,1,0,0,20210510,20210611
9587,1,1,1,1,1,0,0,20210329,20210611
9588,1,1,1,1,1,0,0,20210329,20210611
9589,1,1,1,1,1,0,0,20210329,20210611
9590,1,1,1,1,1,0,0,20210329,20210430
9591,1,1,1,1,1,0,0,20210329,20210611
9592,1,1,1,1,1,0,0,20210329,20210611
9593,1,1,1,1,1,1,1,20210329,20210612
9594,1,1,1,1,1,1,1,20210329,20210612
9595,1,1,1,1,1,1,1,20210329,20210612
9597,1,1,1,1,1,0,0,20210329,20210611
9600,1,1,1,1,1,0,0,20210412,20210523
9601,1,1,1,1,1,0,0,20210329,20210611
9602,1,1,1,1,1,0,0,20210329,20210409
9603,1,1,1,1,1,0,0,20210426,20210528
9604,1,1,1,1,1,0,0,20210329,20210423
9605,1,1,1,1,1,0,0,20210412,20210611
9606,1,1,1,1,1,0,0,20210329,20210418
9607,1,1,1,1,1,0,0,20210329,20210611
9608,1,1,1,1,1,0,0,20210517,20210612
9609,1,1,1,1,1,0,0,20210322,20210611
9610,1,1,1,1,1,0,0,20210412,20210509
9611,1,1,1,1,1,0,0,20210308,20210611
9612,1,1,1,1,1,0,0,20210305,20210611
9615,1,1,1,1,0,0,0,20210322,20210415
9617,1,1,1,1,0,0,0,20210315,20210527
9620,1,1,1,1,0,0,0,20210308,20210415
9623,1,1,1,1,0,0,0,20210308,20210610
9624,1,1,1,1,0,0,0,20210304,20210401
9626,1,1,1,1,0,0,0,20210304,20210415
9628,1,1,1,1,0,0,0,20210304,20210610
9630,1,1,1,1,1,0,0,20210419,20210611
9631,1,1,1,1,1,0,0,20210419,20210611
9632,1,1,1,1,0,0,0,20210412,20210502
9633,0,0,0,0,0,1,1,20210419,20210612
9634,1,1,1,1,1,0,0,20210412,20210523
9636,1,1,1,1,1,0,0,20210304,20210611
9637,1,1,1,1,1,0,0,20210305,20210611
9641,1,1,1,1,1,0,0,20210322,20210416
9647,1,1,1,1,1,0,0,20210322,20210430
9649,1,1,1,1,1,0,0,20210322,20210430
9650,1,1,1,1,1,0,0,20210322,20210502
9651,1,1,1,1,1,0,0,20210322,20210512
9652,1,1,1,1,1,0,0,20210322,20210528
9653,1,1,1,1,1,0,0,20210322,20210528
9654,1,1,1,1,1,0,0,20210322,20210611
9656,0,0,0,0,0,1,1,20210412,20210516
9657,1,1,1,1,1,0,0,20210426,20210611
9658,1,1,1,1,1,0,0,20210322,20210411
9659,1,1,1,1,1,0,0,20210322,20210411
9660,1,1,1,1,1,0,0,20210322,20210411
9663,1,1,1,1,1,0,0,20210322,20210528
9664,1,1,1,1,1,0,0,20210322,20210611
9666,1,1,1,1,1,0,0,20210304,20210611
9667,0,0,0,0,0,1,1,20210503,20210523
9668,1,1,1,1,1,1,1,20210304,20210612
9670,1,1,1,1,1,0,0,20210304,20210509
9671,0,1,1,1,1,0,0,20210405,20210418
9673,1,1,1,1,1,0,0,20210304,20210611
9674,1,1,1,1,1,0,0,20210315,20210402
9675,1,1,1,1,1,0,0,20210315,20210416
9676,1,1,1,1,1,0,0,20210517,20210611
9677,1,1,1,1,1,0,0,20210315,20210521
9678,1,1,1,1,1,0,0,20210315,20210528
9679,1,1,1,1,1,0,0,20210315,20210611
9680,1,1,1,1,1,0,0,20210315,20210611
9681,1,1,1,1,1,0,0,20210315,20210611
9683,1,1,1,1,1,0,0,20210315,20210404
9684,1,1,1,1,1,0,0,20210315,20210611
9685,1,1,1,1,1,0,0,20210308,20210611
9686,1,1,1,1,1,0,0,20210304,20210416
9687,1,1,1,1,1,0,0,20210308,20210611
9691,1,1,1,1,1,0,0,20210426,20210611
9692,1,1,1,1,1,0,0,20210311,20210611
9694,1,1,1,1,1,0,0,20210308,20210402
9695,1,1,1,1,1,0,0,20210308,20210411
9696,1,1,1,1,1,0,0,20210308,20210411
9697,1,1,1,1,1,0,0,20210308,20210416
9699,1,1,1,1,1,0,0,20210308,20210423
9700,1,1,1,1,1,0,0,20210308,20210411
9701,1,1,1,1,1,0,0,20210308,20210430
9702,1,1,1,1,1,0,0,20210308,20210528
9703,1,1,1,1,1,0,0,20210308,20210611
9705,1,1,1,1,1,0,0,20210308,20210611
9706,1,1,1,1,1,1,1,20210308,20210612
9707,1,1,1,1,1,0,0,20210304,20210611
9708,1,1,1,1,1,0,0,20210305,20210611
9709,1,1,1,1,1,0,0,20210305,20210611
9711,1,1,1,1,1,0,0,20210304,20210402
9712,1,1,1,1,1,0,0,20210510,20210611
9714,1,1,1,1,1,0,0,20210304,20210409
9717,1,1,1,1,1,0,0,20210304,20210416
9718,1,1,1,1,1,0,0,20210304,20210418
9719,1,1,1,1,1,0,0,20210304,20210418
9720,1,1,1,1,1,0,0,20210304,20210423
9722,1,1,1,1,1,0,0,20210304,20210423
9724,1,1,1,1,1,0,0,20210304,20210426
9726,1,1,1,1,1,0,0,20210304,20210404
9727,1,1,1,1,1,0,0,20210304,20210611
9728,1,1,1,1,1,0,0,20210426,20210611
9729,1,1,1,1,1,0,0,20210426,20210530
9730,1,1,1,1,1,0,0,20210419,20210611
9731,1,1,1,1,1,0,0,20210304,20210611
9732,1,1,1,1,1,0,0,20210304,20210611
9735,1,1,1,1,1,0,0,20210304,20210430
9737,1,1,1,1,1,0,0,20210304,20210528
9739,1,1,1,1,1,0,0,20210304,20210528
9740,1,1,1,1,1,0,0,20210304,20210502
9742,1,1,1,1,1,0,0,20210304,20210607
9743,1,1,1,1,1,0,0,20210304,20210611
9744,1,1,1,1,1,0,0,20210304,20210611
9745,1,1,1,1,1,0,0,20210304,20210611
9746,1,1,1,1,1,0,0,20210304,20210611
9748,1,1,1,1,1,0,0,20210304,20210611
9749,1,1,1,1,1,0,0,20210304,20210611
9750,1,1,1,1,1,0,1,20210329,20210516
9751,1,1,1,1,1,1,1,20210304,20210612
9752,1,1,1,1,1,1,0,20210304,20210612
9753,1,1,1,1,1,1,1,20210304,20210612
9757,0,0,0,0,0,1,1,20210503,20210523
9758,1,1,1,1,1,1,1,20210304,20210612
9759,1,1,1,1,1,1,1,20210304,20210612
9762,1,1,1,1,1,1,0,20210510,20210612
9763,1,1,1,1,1,0,0,20210426,20210523
9764,1,1,1,1,1,0,0,20210426,20210530
9765,1,1,1,1,1,0,0,20210426,20210509
9766,1,1,1,1,1,0,0,20210426,20210523
9768,1,1,1,1,1,0,0,20210426,20210523
9769,1,1,1,1,1,0,0,20210510,20210611
9770,1,1,1,1,1,0,0,20210510,20210611
9771,1,1,1,1,1,1,1,20210405,20210502
9772,1,1,1,1,1,1,1,20210329,20210502
9773,1,1,1,1,1,1,1,20210304,20210612
9774,1,1,1,1,1,0,0,20210510,20210611
9775,1,1,1,1,1,1,1,20210306,20210612
9776,1,1,1,1,1,0,0,20210304,20210611
9777,1,1,1,1,1,0,0,20210510,20210611
9778,1,1,1,1,1,0,0,20210426,20210611
9779,1,1,1,1,1,0,0,20210426,20210611
9780,1,1,1,1,1,0,0,20210510,20210611
9781,1,1,1,1,1,0,0,20210503,20210611
9782,1,1,1,1,1,0,0,20210426,20210611
9783,1,1,1,1,1,0,0,20210510,20210611
9784,1,1,1,1,1,0,0,20210426,20210530
9785,1,1,1,1,1,0,0,20210510,20210530
9786,1,1,1,1,1,0,0,20210510,20210530
9788,1,1,1,1,1,1,1,20210304,20210612
9789,1,1,1,1,1,0,0,20210426,20210530
9790,1,1,1,1,1,0,0,20210510,20210611
9791,1,1,1,1,1,0,0,20210510,20210530
9792,1,1,1,1,1,0,0,20210304,20210611
9793,1,1,1,1,1,0,0,20210510,20210611
9794,1,1,1,1,1,1,1,20210304,20210321
9795,1,1,1,1,1,1,1,20210315,20210612
9796,1,1,1,1,1,1,1,20210306,20210612
9797,1,1,1,1,1,1,1,20210304,20210612
9799,1,1,1,1,1,1,0,20210322,20210404
9800,1,1,1,1,1,1,0,20210315,20210612
9802,1,1,1,1,1,1,0,20210322,20210404
9803,1,1,1,1,1,1,0,20210322,20210425
9804,1,1,1,1,1,1,0,20210510,20210612
9805,1,1,1,1,1,1,0,20210322,20210418
9806,1,1,1,1,1,1,0,20210322,20210425
9807,1,1,1,1,1,1,0,20210304,20210612
9810,1,1,1,1,1,1,0,20210315,20210425
9811,1,1,1,1,1,1,0,20210304,20210612
9812,1,1,1,1,1,0,0,20210426,20210509
9813,1,1,1,1,1,1,0,20210315,20210425
9815,1,1,1,1,1,1,0,20210304,20210612
9816,1,1,1,1,1,1,0,20210313,20210612
9817,1,1,1,1,1,1,0,20210304,20210418
9820,1,1,1,1,1,1,0,20210306,20210502
9822,1,1,1,1,1,1,0,20210304,20210411
9823,1,1,1,1,1,1,0,20210304,20210418
9824,1,1,1,1,1,1,0,20210304,20210418
9830,1,1,1,1,1,1,0,20210304,20210612
9831,1,1,1,1,1,1,0,20210304,20210612
9832,1,1,1,1,1,1,0,20210304,20210612
9833,1,1,1,1,1,1,0,20210304,20210612
9834,1,1,1,1,1,1,1,20210306,20210612
9835,1,1,1,1,1,1,1,20210306,20210612
9838,1,1,1,1,1,1,1,20210328,20210607
9839,1,1,1,1,1,1,1,20210426,20210523
9840,1,1,1,1,1,1,1,20210307,20210612
9842,0,0,0,0,0,1,1,20210503,20210523
9843,1,1,1,1,1,1,1,20210304,20210612
9844,1,1,1,1,1,0,1,20210304,20210611
9845,1,1,1,1,1,0,1,20210304,20210611
9846,0,0,0,0,0,1,1,20210503,20210523
9849,1,1,1,1,1,1,1,20210304,20210612
9854,1,1,1,1,1,0,1,20210304,20210611
9859,1,1,1,1,1,0,1,20210304,20210611
9863,1,1,1,1,1,1,1,20210304,20210612
9864,1,1,1,1,1,1,1,20210327,20210612
9865,1,1,1,1,1,1,1,20210327,20210612
9866,1,1,1,1,1,1,1,20210322,20210612
9867,1,1,1,1,1,1,1,20210304,20210612
9868,1,1,1,1,1,1,1,20210304,20210612
9869,1,1,1,1,1,1,1,20210426,20210523
9870,1,1,1,1,1,1,1,20210320,20210612
9871,1,1,1,1,1,1,1,20210315,20210612
9872,0,0,0,0,0,1,1,20210306,20210612
9873,0,0,0,0,0,1,1,20210419,20210516
9874,1,1,1,1,1,1,1,20210306,20210612
9875,1,1,1,1,1,1,1,20210510,20210530
9876,1,1,1,1,1,1,1,20210510,20210530
9880,1,1,1,1,1,1,1,20210322,20210612
9881,1,1,1,1,1,1,1,20210308,20210612
9882,1,1,1,1,1,1,1,20210304,20210612
9884,1,1,1,1,1,1,1,20210304,20210612
9885,1,1,1,1,1,1,1,20210304,20210612
9886,1,1,1,1,1,1,1,20210304,20210612
9887,1,1,1,1,1,1,1,20210304,20210612
9888,1,1,1,1,1,1,1,20210304,20210612
9889,1,1,1,1,1,1,1,20210304,20210612
9890,1,1,1,1,1,1,1,20210304,20210612
9891,1,1,1,1,1,1,1,20210306,20210612
9892,1,1,1,1,1,1,1,20210304,20210612
9893,1,1,1,1,1,1,1,20210304,20210612
9894,1,1,1,1,1,1,1,20210304,20210612
9895,1,1,1,1,1,1,1,20210304,20210612
9896,1,1,1,1,1,1,1,20210304,20210612
9897,1,0,0,0,0,0,1,20210419,20210523
9898,0,0,0,0,0,1,1,20210419,20210516
9899,1,1,1,1,1,1,1,20210304,20210612
9900,1,1,1,1,1,1,1,20210322,20210502
9901,1,1,1,1,1,1,1,20210322,20210502
9902,1,1,1,1,1,1,1,20210304,20210612
9903,1,1,1,1,1,1,1,20210304,20210612
9904,1,1,1,1,1,1,1,20210304,20210612
9905,1,1,1,1,1,1,1,20210304,20210612
9906,1,1,1,1,1,1,1,20210304,20210612
9907,1,1,1,1,1,1,1,20210306,20210612
9908,1,1,1,1,1,1,1,20210304,20210612
9909,0,0,0,0,0,1,1,20210419,20210516
9910,1,1,1,1,1,1,1,20210322,20210502
9911,1,1,1,1,1,1,1,20210304,20210612
9912,1,1,1,1,1,1,1,20210304,20210612
9913,1,1,1,1,1,1,1,20210315,20210612
9914,1,1,1,1,1,1,1,20210308,20210612
9915,1,1,1,1,1,1,1,20210308,20210612
9916,1,1,1,1,1,1,1,20210315,20210502
9917,1,1,1,1,1,1,1,20210304,20210612
9919,1,1,1,1,1,1,1,20210304,20210612
9920,1,1,1,1,1,1,1,20210304,20210612
9921,1,1,1,1,1,1,1,20210315,20210411
9922,1,1,1,1,1,1,1,20210305,20210612
9923,1,1,1,1,1,1,1,20210304,20210612
9924,1,1,1,1,1,1,1,20210304,20210612
9925,1,1,1,1,1,1,1,20210304,20210612
9926,1,1,1,1,1,1,1,20210304,20210612
9927,1,1,1,1,1,1,1,20210315,20210418
9928,1,1,1,1,1,1,1,20210304,20210612
9929,1,1,1,1,1,1,1,20210304,20210612
9930,1,1,1,1,1,1,1,20210304,20210612
9931,1,1,1,1,1,1,1,20210304,20210612
9932,1,1,1,1,1,1,1,20210304,20210612
9933,1,1,1,1,1,1,1,20210304,20210612
9934,1,1,1,1,1,1,1,20210304,20210612
9935,1,1,1,1,1,1,1,20210306,20210612
9936,1,1,1,1,1,1,1,20210305,20210612
9937,1,1,1,1,1,1,1,20210304,20210612
9938,1,1,1,1,1,1,1,20210307,20210411
9939,1,1,1,1,1,1,1,20210307,20210612
9940,1,1,1,1,1,1,1,20210304,20210612
9941,1,1,1,1,1,1,1,20210306,20210612
9942,1,1,1,1,1,1,1,20210306,20210612
9943,1,1,1,1,1,1,1,20210306,20210612
9950,1,1,1,1,1,1,1,20210304,20210411
9951,1,1,1,1,1,1,1,20210304,20210612
9952,1,1,1,1,1,1,1,20210304,20210612
9953,1,1,1,1,1,1,1,20210304,20210612
9954,1,1,1,1,1,1,1,20210304,20210612
9959,1,1,1,1,1,1,1,20210304,20210612
9962,1,1,1,1,1,1,1,20210304,20210612
9963,1,1,1,1,1,1,1,20210304,20210502
9964,1,1,1,1,1,1,1,20210304,20210612
9965,1,1,1,1,1,1,1,20210304,20210502
9966,1,1,1,1,1,1,1,20210304,20210612
9970,1,1,1,1,1,1,1,20210304,20210612
9971,1,1,1,1,1,1,1,20210304,20210612
9972,1,1,1,1,1,1,1,20210304,20210612
9974,1,1,1,1,1,1,1,20210304,20210611
9975,1,1,1,1,1,1,1,20210304,20210612
