route_id,service_id,trip_id,trip_headsign,direction_id,block_id,shape_id
OCESN-87611004-87673004,000001,OCESN14140F201397:2021-03-08T18:51:30Z,14140,0,1,
OCESN-87611004-87673004,000002,OCESN14140F236412:2021-03-09T18:51:45Z,14140,0,2,
OCESN-87611004-87673004,000003,OCESN14140F237288:2021-03-09T18:51:45Z,14140,0,3,
OCESN-87611004-87673004,000004,OCESN14140F254304:2021-03-04T18:51:09Z,14140,0,4,
OCESN-87611004-87673004,000005,OCESN14141F108219:2021-03-08T18:51:30Z,14141,1,5,
OCESN-87611004-87673004,000001,OCESN14141F108889:2021-03-08T18:51:30Z,14141,1,6,
OCESN-87611004-87673004,000006,OCESN14141F237335:2021-03-09T18:51:45Z,14141,1,7,
OCESN-87611004-87673004,000007,OCESN14142F165099:2021-03-09T18:51:45Z,14142,0,8,
OCESN-87611004-87673004,000008,OCESN14142F246937:2021-03-09T18:51:45Z,14142,0,9,
OCESN-87611004-87673004,000009,OCESN14143F132939:2021-03-07T18:51:13Z,14143,1,10,
OCESN-87611004-87673004,000010,OCESN14143F166167:2021-03-08T18:51:30Z,14143,1,11,
OCESN-87611004-87673004,000011,OCESN14148F113190:2021-03-08T18:51:30Z,14148,0,12,
OCESN-87611004-87673004,000012,OCESN14148F158279:2021-03-09T18:51:45Z,14148,0,13,
OCESN-87611004-87673004,000013,OCESN14148F249198:2021-03-09T18:51:45Z,14148,0,14,
OCESN-87611004-87673004,000014,OCESN14148F250593:2021-03-09T18:51:45Z,14148,0,15,
OCESN-87611004-87673004,000015,OCESN14150F220610:2021-03-09T18:51:45Z,14150,0,16,
OCESN-87611004-87673004,000016,OCESN14150F276472:2021-03-09T18:51:45Z,14150,0,17,
OCESN-87611004-87673004,000017,OCESN14151F130692:2021-03-09T18:51:45Z,14151,1,18,
OCESN-87611004-87673004,000018,OCESN14151F236566:2021-03-09T18:51:45Z,14151,1,19,
OCESN-87611004-87673004,000019,OCESN14151F249108:2021-03-09T18:51:45Z,14151,1,20,
OCESN-87611004-87673004,000020,OCESN14155F163450:2021-03-03T18:51:00Z,14155,1,21,
OCESN-87611004-87673004,000021,OCESN14155F272476:2021-03-09T18:51:45Z,14155,1,22,
OCESN-87611004-87673004,000022,OCESN14157F166001:2021-03-08T18:51:30Z,14157,1,23,
OCESN-87611004-87673004,000023,OCESN14157F227546:2021-03-09T18:51:45Z,14157,1,24,
OCESN-87611004-87673004,000024,OCESN14157F249211:2021-03-05T18:50:34Z,14157,1,25,
OCESN-645666,000025,OCESN15940F235901:2021-03-09T18:51:45Z,15940,0,26,
OCESN-645666,000026,OCESN15940F236051:2021-02-24T15:20:15Z,15940,0,27,
OCESN-645666,000026,OCESN15941F234670:2021-02-24T15:20:15Z,15941,1,28,
OCESN-645666,000025,OCESN15941F239211:2021-03-09T18:51:45Z,15941,1,29,
OCESN-645666,000027,OCESN15942F231965:2021-03-09T18:51:45Z,15942,,30,
OCESN-645666,000026,OCESN15942F237018:2021-02-24T18:51:06Z,15942,,31,
OCESN-645666,000025,OCESN15943F234306:2021-03-09T18:51:45Z,15943,,32,
OCESN-645666,000026,OCESN15943F236457:2021-02-24T18:51:06Z,15943,,33,
OCESN-16628,000028,OCESN3604F201636:2021-03-07T18:51:13Z,3604,0,34,
OCESN-16628,000029,OCESN3604F201893:2021-03-09T18:51:45Z,3604,0,35,
OCESN-16628,000030,OCESN3604F271414:2021-03-09T18:51:45Z,3604,0,36,
OCESN-16628,000031,OCESN3604F275849:2021-03-09T18:51:45Z,3604,0,37,
OCESN-16628,000032,OCESN3605F272747:2021-03-09T18:51:45Z,3605,1,38,
OCESN-16628,000033,OCESN3614F106267:2021-03-07T18:51:13Z,3614,0,39,
OCESN-16628,000034,OCESN3614F201818:2021-03-08T18:51:30Z,3614,0,40,
OCESN-16628,000029,OCESN3614F202001:2021-03-09T18:51:45Z,3614,0,41,
OCESN-16628,000028,OCESN3614F268782:2021-03-08T18:51:30Z,3614,0,42,
OCESN-16628,000035,OCESN3614F273378:2021-03-08T18:51:30Z,3614,0,43,
OCESN-16628,000036,OCESN3615F107777:2021-03-06T18:51:50Z,3615,1,44,
OCESN-16628,000037,OCESN3615F225150:2021-03-03T18:51:00Z,3615,1,45,
OCESN-16628,000038,OCESN3619F200878:2021-03-09T18:51:45Z,3619,,46,
OCESN-16628,000039,OCESN3619F202006:2021-03-07T18:51:13Z,3619,,47,
OCESN-16628,000040,OCESN3619F269628:2021-03-07T18:51:13Z,3619,,48,
OCESN-16628,000041,OCESN3619F270657:2021-03-09T18:51:45Z,3619,,49,
OCESN-16628,000042,OCESN3619F271526:2021-03-09T18:51:45Z,3619,,50,
OCESN-16628,000043,OCESN3619F276748:2021-03-09T18:51:45Z,3619,,51,
OCESN-16628,000044,OCESN3621F130173:2021-03-09T18:51:45Z,3621,1,52,
OCESN-16628,000045,OCESN3621F156753:2021-03-06T18:51:50Z,3621,1,53,
OCESN-16628,000046,OCESN3621F201560:2021-03-09T18:51:45Z,3621,1,54,
OCESN-16628,000047,OCESN3621F225166:2021-03-08T18:51:30Z,3621,1,55,
OCESN-16628,000048,OCESN3624F275261:2021-03-09T18:51:45Z,3624,0,56,
OCESN-16628,000039,OCESN3625F106237:2021-03-07T18:51:13Z,3625,1,57,
OCESN-16628,000049,OCESN3625F130147:2021-03-09T18:51:45Z,3625,1,58,
OCESN-16628,000050,OCESN3625F269210:2021-03-06T18:51:50Z,3625,1,59,
OCESN-16628,000051,OCESN3628F130144:2021-03-09T18:51:45Z,3628,0,60,
OCESN-16628,000052,OCESN3628F275536:2021-03-09T18:51:45Z,3628,0,61,
OCESN-16628,000053,OCESN3629F108274:2021-03-09T18:51:45Z,3629,1,62,
OCESN-16628,000054,OCESN3634F130511:2021-03-09T18:51:45Z,3634,0,63,
OCESN-16628,000055,OCESN3634F271659:2021-03-07T18:51:13Z,3634,0,64,
OCESN-16628,000056,OCESN3635F105830:2021-03-05T18:50:34Z,3635,1,65,
OCESN-16628,000057,OCESN3635F106754:2021-03-09T18:51:45Z,3635,1,66,
OCESN-16628,000058,OCESN3635F201985:2021-03-08T18:51:30Z,3635,1,67,
OCESN-16628,000053,OCESN3638F198531:2021-03-07T18:51:13Z,3638,0,68,
OCESN-16628,000059,OCESN3638F229040:2021-03-09T18:51:45Z,3638,0,69,
OCESN-16628,000060,OCESN3642F105445:2021-03-07T18:51:13Z,3642,0,70,
OCESN-16628,000061,OCESN3642F260301:2021-03-09T18:51:45Z,3642,0,71,
OCESN-16628,000062,OCESN3644F273342:2021-03-08T18:51:30Z,3644,0,72,
OCESN-16628,000063,OCESN3645F156024:2021-03-08T18:51:30Z,3645,1,73,
OCESN-16628,000064,OCESN3645F202011:2021-03-09T18:51:45Z,3645,1,74,
OCESN-16628,000065,OCESN3645F275325:2021-03-09T18:51:45Z,3645,1,75,
OCESN-16628,000066,OCESN3648F269541:2021-03-06T18:51:50Z,3648,0,76,
OCESN-16628,000067,OCESN3650F106222:2021-03-07T18:51:13Z,3650,,77,
OCESN-16628,000068,OCESN3650F275422:2021-03-09T18:51:45Z,3650,,78,
OCESN-16628,000069,OCESN3652F135275:2021-03-09T18:51:45Z,3652,,79,
OCESN-16628,000070,OCESN3652F203079:2021-03-09T18:51:45Z,3652,,80,
OCESN-16628,000071,OCESN3652F271366:2021-03-09T18:51:45Z,3652,,81,
OCESN-16628,000072,OCESN3654F106193:2021-03-09T18:51:45Z,3654,0,82,
OCESN-16628,000058,OCESN3654F201570:2021-03-06T18:51:50Z,3654,0,83,
OCESN-16628,000067,OCESN3655F137371:2021-03-07T18:51:13Z,3655,1,84,
OCESN-16628,000073,OCESN3655F221146:2021-03-09T18:51:45Z,3655,1,85,
OCESN-16628,000074,OCESN3655F269713:2021-03-06T18:51:50Z,3655,1,86,
OCESN-16628,000075,OCESN3655F275257:2021-03-09T18:51:45Z,3655,1,87,
OCESN-16628,000076,OCESN3655F275540:2021-03-09T18:51:45Z,3655,1,88,
OCESN-16628,000077,OCESN3664F201889:2021-03-09T18:51:45Z,3664,0,89,
OCESN-16628,000078,OCESN3664F269680:2021-03-09T18:51:45Z,3664,0,90,
OCESN-16628,000079,OCESN3664F275541:2021-03-09T18:51:45Z,3664,0,91,
OCESN-16628,000080,OCESN3665F221102:2021-03-08T18:51:30Z,3665,1,92,
OCESN-16628,000081,OCESN3674F113910:2021-03-06T18:51:50Z,3674,0,93,
OCESN-16628,000082,OCESN3674F158247:2021-03-07T18:51:13Z,3674,0,94,
OCESN-16628,000083,OCESN3674F195076:2021-03-09T18:51:45Z,3674,0,95,
OCESN-16628,000084,OCESN3674F266043:2021-03-09T18:51:45Z,3674,0,96,
OCESN-16628,000085,OCESN3674F275314:2021-03-09T18:51:45Z,3674,0,97,
OCESN-16628,000086,OCESN3675F201630:2021-03-09T18:51:45Z,3675,1,98,
OCESN-16628,000087,OCESN3675F201988:2021-03-09T18:51:45Z,3675,1,99,
OCESN-16628,000088,OCESN3675F270616:2021-03-09T18:51:45Z,3675,1,100,
OCESN-16628,000089,OCESN3675F270629:2021-03-09T18:51:45Z,3675,1,101,
OCESN-16628,000090,OCESN3684F106099:2021-03-08T18:51:30Z,3684,0,102,
OCESN-16628,000091,OCESN3684F192088:2021-03-09T18:51:45Z,3684,0,103,
OCESN-16628,000092,OCESN3684F198537:2021-03-09T18:51:45Z,3684,0,104,
OCESN-16628,000079,OCESN3684F225169:2021-03-03T18:51:00Z,3684,0,105,
OCESN-16628,000093,OCESN3685F201101:2021-03-06T18:51:50Z,3685,1,106,
OCESN-16628,000070,OCESN3685F201406:2021-03-08T18:51:30Z,3685,1,107,
OCESN-16628,000094,OCESN3685F276176:2021-03-09T18:51:45Z,3685,1,108,
OCESN-16628,000095,OCESN3694F275180:2021-03-09T18:51:45Z,3694,0,109,
OCESN-1289990,000096,OCESN3730F106034:2021-03-09T18:51:45Z,3730,0,110,
OCESN-1289990,000097,OCESN3730F157151:2021-03-08T18:51:30Z,3730,0,111,
OCESN-1289990,000098,OCESN3730F158642:2021-03-08T18:51:30Z,3730,0,112,
OCESN-1289990,000099,OCESN3730F258465:2021-03-08T18:51:30Z,3730,0,113,
OCESN-1289990,000100,OCESN3730F273390:2021-03-09T18:51:45Z,3730,0,114,
OCESN-1289990,000101,OCESN3730F275045:2021-03-09T18:51:45Z,3730,0,115,
OCESN-1289990,000102,OCESN3730F275531:2021-03-09T18:51:45Z,3730,0,116,
OCESN-1289990,000103,OCESN3730F276717:2021-03-09T18:51:45Z,3730,0,117,
OCESN-1289990,000104,OCESN3731F106030:2021-03-09T18:51:45Z,3731,1,118,
OCESN-1289990,000105,OCESN3731F106031:2021-03-06T18:51:50Z,3731,1,119,
OCESN-1289990,000106,OCESN3731F116916:2021-03-09T18:51:45Z,3731,1,120,
OCESN-1289990,000017,OCESN3731F203070:2021-03-09T18:51:45Z,3731,1,121,
OCESN-1289990,000107,OCESN3731F223428:2021-03-09T18:51:45Z,3731,1,122,
OCESN-1289990,000108,OCESN3731F227512:2021-03-06T18:51:50Z,3731,1,123,
OCESN-1289990,000109,OCESN3731F227619:2021-03-09T18:51:45Z,3731,1,124,
OCESN-1289990,000110,OCESN3731F261236:2021-03-08T18:51:30Z,3731,1,125,
OCESN-1289990,000111,OCESN3731F265834:2021-03-09T18:51:45Z,3731,1,126,
OCESN-1289990,000112,OCESN3731F266049:2021-03-06T18:51:50Z,3731,1,127,
OCESN-1289990,000077,OCESN3731F266982:2021-03-08T18:51:30Z,3731,1,128,
OCESN-1289990,000113,OCESN3731F267141:2021-03-08T18:51:30Z,3731,1,129,
OCESN-1289990,000114,OCESN3731F271990:2021-03-08T18:51:30Z,3731,1,130,
OCESN-1289990,000115,OCESN3731F272746:2021-03-08T18:51:30Z,3731,1,131,
OCESN-1289990,000063,OCESN3731F275337:2021-03-09T18:51:45Z,3731,1,132,
OCESN-1289990,000116,OCESN3754F194949:2021-03-09T18:51:45Z,3754,0,133,
OCESN-1289990,000117,OCESN3754F225112:2021-03-09T18:51:45Z,3754,0,134,
OCESN-1289990,000118,OCESN3754F225175:2021-03-09T18:51:45Z,3754,0,135,
OCESN-1289990,000057,OCESN3754F233817:2021-03-09T18:51:45Z,3754,0,136,
OCESN-1289990,000119,OCESN3754F253332:2021-03-09T18:51:45Z,3754,0,137,
OCESN-1289990,000120,OCESN3754F267087:2021-03-09T18:51:45Z,3754,0,138,
OCESN-1289990,000121,OCESN3754F271478:2021-03-08T18:51:30Z,3754,0,139,
OCESN-1289990,000101,OCESN3754F273395:2021-03-08T18:51:30Z,3754,0,140,
OCESN-1289990,000122,OCESN3754F275492:2021-03-09T18:51:45Z,3754,0,141,
OCESN-1289990,000123,OCESN3754F276689:2021-03-09T18:51:45Z,3754,0,142,
OCESN-1289990,000017,OCESN3755F273396:2021-03-09T18:51:45Z,3755,1,143,
OCESN-1289990,000124,OCESN3756F238350:2021-03-09T18:51:45Z,3756,0,144,
OCESN-1289990,000125,OCESN3756F238351:2021-03-09T18:51:45Z,3756,0,145,
OCESN-1289990,000126,OCESN3756F238352:2021-03-09T18:51:45Z,3756,0,146,
OCESN-1289990,000079,OCESN3756F274469:2021-03-09T18:51:45Z,3756,0,147,
OCESN-1289990,000127,OCESN3758F185472:2021-03-09T18:51:45Z,3758,0,148,
OCESN-1289990,000128,OCESN3758F239082:2021-03-09T18:51:45Z,3758,0,149,
OCESN-1289990,000129,OCESN3758F276718:2021-03-09T18:51:45Z,3758,0,150,
OCESN-87481002-87485003,000130,OCESN3831F236461:2021-03-09T18:51:45Z,3831,1,151,
OCESN-87481002-87485003,000131,OCESN3833F261427:2021-03-09T18:51:45Z,3833,1,152,
OCESN-87481002-87485003,000000,OCESN3835F133712:2021-03-04T18:51:09Z,3835,1,153,
OCESN-87481002-87485003,000132,OCESN3852F202052:2021-03-06T18:51:50Z,3852,0,154,
OCESN-87481002-87485003,000133,OCESN3852F249655:2021-03-09T18:51:45Z,3852,0,155,
OCESN-87481002-87485003,000000,OCESN3854F129734:2021-03-09T18:51:45Z,3854,0,156,
OCESN-87481002-87485003,000131,OCESN3856F247112:2021-03-09T18:51:45Z,3856,0,157,
OCESN-1289990,000134,OCESN3970F168135:2021-03-09T18:51:45Z,3970,0,158,
OCESN-1289990,000135,OCESN3970F168136:2021-03-09T18:51:45Z,3970,0,159,
OCESN-1289990,000136,OCESN3970F168137:2021-03-09T18:51:45Z,3970,0,160,
OCESN-1289990,000137,OCESN3970F168581:2021-03-09T18:51:45Z,3970,0,161,
OCESN-1289990,000138,OCESN3970F194134:2021-03-09T18:51:45Z,3970,0,162,
OCESN-1289990,000096,OCESN3970F196238:2021-03-09T18:51:45Z,3970,0,163,
OCESN-1289990,000017,OCESN3970F202000:2021-03-09T18:51:45Z,3970,0,164,
OCESN-1289990,000139,OCESN3970F245174:2021-03-09T18:51:45Z,3970,0,165,
OCESN-1289990,000140,OCESN3970F263244:2021-03-09T18:51:45Z,3970,0,166,
OCESN-1289990,000063,OCESN3970F266422:2021-03-09T18:51:45Z,3970,0,167,
OCESN-1289990,000141,OCESN3970F267000:2021-03-09T18:51:45Z,3970,0,168,
OCESN-1289990,000101,OCESN3970F271957:2021-03-09T18:51:45Z,3970,0,169,
OCESN-1289990,000099,OCESN3970F273388:2021-03-09T18:51:45Z,3970,0,170,
OCESN-1289990,000142,OCESN3971F168840:2021-03-09T18:51:45Z,3971,1,171,
OCESN-1289990,000143,OCESN3971F168842:2021-03-09T18:51:45Z,3971,1,172,
OCESN-1289990,000144,OCESN3971F175577:2021-03-09T18:51:45Z,3971,1,173,
OCESN-1289990,000145,OCESN3971F187603:2021-03-09T18:51:45Z,3971,1,174,
OCESN-1289990,000146,OCESN3971F212924:2021-03-09T18:51:45Z,3971,1,175,
OCESN-1289990,000147,OCESN3971F224152:2021-03-09T18:51:45Z,3971,1,176,
OCESN-1289990,000148,OCESN3971F226281:2021-03-09T18:51:45Z,3971,1,177,
OCESN-1289990,000149,OCESN3971F227008:2021-03-09T18:51:45Z,3971,1,178,
OCESN-1289990,000150,OCESN3971F239218:2021-03-09T18:51:45Z,3971,1,179,
OCESN-1289990,000151,OCESN3971F239219:2021-03-09T18:51:45Z,3971,1,180,
OCESN-1289990,000152,OCESN3971F242499:2021-03-09T18:51:45Z,3971,1,181,
OCESN-1289990,000138,OCESN3971F276802:2021-03-09T18:51:45Z,3971,1,182,
OCESN-87481002-87722025,000153,OCESN4402F201002:2021-03-07T18:51:13Z,4402,1,183,
OCESN-87481002-87722025,000154,OCESN4402F220705:2021-03-09T18:51:45Z,4402,1,184,
OCESN-87481002-87722025,000155,OCESN4402F241202:2021-03-08T18:51:30Z,4402,1,185,
OCESN-87481002-87722025,000156,OCESN4402F249007:2021-03-09T18:51:45Z,4402,1,186,
OCESN-87481002-87722025,000157,OCESN4402F249417:2021-03-09T18:51:45Z,4402,1,187,
OCESN-87481002-87722025,000158,OCESN4406F203762:2021-03-07T18:51:13Z,4406,1,188,
OCESN-87481002-87722025,000159,OCESN4406F246703:2021-03-09T18:51:45Z,4406,1,189,
OCESN-87481002-87722025,000119,OCESN4406F267028:2021-03-09T18:51:45Z,4406,1,190,
OCESN-87481002-87722025,000160,OCESN4406F276504:2021-03-09T18:51:45Z,4406,1,191,
OCESN-87481002-87722025,000153,OCESN4504F141928:2021-03-09T18:51:45Z,4504,0,192,
OCESN-87481002-87722025,000107,OCESN4504F233406:2021-03-09T18:51:45Z,4504,0,193,
OCESN-87481002-87722025,000161,OCESN4504F237986:2021-03-09T18:51:45Z,4504,0,194,
OCESN-87481002-87722025,000162,OCESN4504F240658:2021-03-08T18:51:30Z,4504,0,195,
OCESN-87481002-87722025,000093,OCESN4504F256288:2021-03-09T18:51:45Z,4504,0,196,
OCESN-87481002-87722025,000163,OCESN4504F256301:2021-03-09T18:51:45Z,4504,0,197,
OCESN-87481002-87722025,000164,OCESN4506F109043:2021-03-08T18:51:30Z,4506,0,198,
OCESN-87481002-87722025,000165,OCESN4506F136000:2021-03-08T18:51:30Z,4506,0,199,
OCESN-87481002-87722025,000166,OCESN4506F201341:2021-03-09T18:51:45Z,4506,0,200,
OCESN-87481002-87722025,000163,OCESN4506F239493:2021-03-09T18:51:45Z,4506,0,201,
OCESN-87481002-87722025,000086,OCESN4506F274322:2021-03-08T18:51:30Z,4506,0,202,
OCESN-87481002-87722025,000167,OCESN4506F274667:2021-03-09T18:51:45Z,4506,0,203,
OCESN-87481002-87722025,000168,OCESN4506F276793:2021-03-09T18:51:45Z,4506,0,204,
OCESN-87751008-87611004,000169,OCESN4651F249150:2021-03-08T18:51:30Z,4651,,205,
OCESN-87751008-87611004,000170,OCESN4651F254243:2021-03-09T18:51:45Z,4651,,206,
OCESN-87751008-87611004,000011,OCESN4655F181956:2021-03-09T18:51:45Z,4655,,207,
OCESN-87751008-87611004,000171,OCESN4655F200940:2021-03-09T18:51:45Z,4655,,208,
OCESN-87751008-87611004,000038,OCESN4655F201854:2021-03-07T18:51:13Z,4655,,209,
OCESN-87751008-87611004,000172,OCESN4655F229161:2021-03-09T18:51:45Z,4655,,210,
OCESN-87751008-87611004,000057,OCESN4655F270765:2021-03-09T18:51:45Z,4655,,211,
OCESN-87751008-87611004,000173,OCESN4657F153884:2021-03-08T18:51:30Z,4657,,212,
OCESN-87751008-87611004,000011,OCESN4657F181688:2021-03-08T18:51:30Z,4657,,213,
OCESN-87751008-87611004,000174,OCESN4657F249099:2021-03-09T18:51:45Z,4657,,214,
OCESN-87751008-87611004,000175,OCESN4659F153837:2021-03-09T18:51:45Z,4659,,215,
OCESN-87751008-87611004,000171,OCESN4659F201441:2021-03-09T18:51:45Z,4659,,216,
OCESN-87751008-87611004,000176,OCESN4659F261265:2021-03-09T18:51:45Z,4659,,217,
OCESN-87751008-87611004,000171,OCESN4661F111214:2021-03-09T18:51:45Z,4661,,218,
OCESN-87751008-87611004,000011,OCESN4661F181569:2021-03-09T18:51:45Z,4661,,219,
OCESN-87751008-87611004,000177,OCESN4661F257922:2021-03-09T18:51:45Z,4661,,220,
OCESN-87751008-87611004,000171,OCESN4663F104970:2021-03-09T18:51:45Z,4663,,221,
OCESN-87751008-87611004,000178,OCESN4663F268931:2021-03-09T18:51:45Z,4663,,222,
OCESN-87751008-87611004,000039,OCESN4663F276762:2021-03-09T18:51:45Z,4663,,223,
OCESN-87751008-87611004,000171,OCESN4665F104496:2021-03-07T18:51:13Z,4665,,224,
OCESN-87751008-87611004,000179,OCESN4665F132326:2021-03-07T18:51:13Z,4665,,225,
OCESN-87751008-87611004,000180,OCESN4665F261438:2021-03-09T18:51:45Z,4665,,226,
OCESN-87751008-87611004,000181,OCESN4665F265115:2021-03-09T18:51:45Z,4665,,227,
OCESN-87751008-87611004,000182,OCESN4669F116104:2021-03-09T18:51:45Z,4669,,228,
OCESN-87751008-87611004,000183,OCESN4669F181698:2021-03-08T18:51:30Z,4669,,229,
OCESN-87751008-87611004,000184,OCESN4752F128329:2021-03-05T18:50:34Z,4752,1,230,
OCESN-87751008-87611004,000185,OCESN4752F172555:2021-03-08T18:51:30Z,4752,1,231,
OCESN-87751008-87611004,000186,OCESN4752F181664:2021-03-09T18:51:45Z,4752,1,232,
OCESN-87751008-87611004,000001,OCESN4756F105017:2021-03-09T18:51:45Z,4756,1,233,
OCESN-87751008-87611004,000038,OCESN4756F150338:2021-03-09T18:51:45Z,4756,1,234,
OCESN-87751008-87611004,000187,OCESN4756F150453:2021-03-09T18:51:45Z,4756,1,235,
OCESN-87751008-87611004,000011,OCESN4756F181750:2021-03-08T18:51:30Z,4756,1,236,
OCESN-87751008-87611004,000070,OCESN4756F200932:2021-03-08T18:51:30Z,4756,1,237,
OCESN-87751008-87611004,000017,OCESN4756F200933:2021-03-03T18:51:00Z,4756,1,238,
OCESN-87751008-87611004,000188,OCESN4756F201330:2021-03-09T18:51:45Z,4756,1,239,
OCESN-87751008-87611004,000189,OCESN4756F201694:2021-03-08T18:51:30Z,4756,1,240,
OCESN-87751008-87611004,000190,OCESN4758F128836:2021-03-07T18:51:13Z,4758,1,241,
OCESN-87751008-87611004,000191,OCESN4758F148541:2021-03-08T18:51:30Z,4758,1,242,
OCESN-87751008-87611004,000192,OCESN4758F148675:2021-03-09T18:51:45Z,4758,1,243,
OCESN-87751008-87611004,000011,OCESN4758F181542:2021-03-08T18:51:30Z,4758,1,244,
OCESN-87751008-87611004,000001,OCESN4758F200930:2021-03-09T18:51:45Z,4758,1,245,
OCESN-87751008-87611004,000193,OCESN4758F247294:2021-03-06T18:51:50Z,4758,1,246,
OCESN-87751008-87611004,000194,OCESN4760F106919:2021-03-09T18:51:45Z,4760,1,247,
OCESN-87751008-87611004,000039,OCESN4760F197498:2021-03-09T18:51:45Z,4760,1,248,
OCESN-87751008-87611004,000195,OCESN4760F247851:2021-03-09T18:51:45Z,4760,1,249,
OCESN-87751008-87611004,000196,OCESN4762F128319:2021-03-07T18:51:13Z,4762,1,250,
OCESN-87751008-87611004,000011,OCESN4762F181541:2021-03-09T18:51:45Z,4762,1,251,
OCESN-87751008-87611004,000001,OCESN4762F202635:2021-03-09T18:51:45Z,4762,1,252,
OCESN-87751008-87611004,000197,OCESN4762F254253:2021-03-09T18:51:45Z,4762,1,253,
OCESN-87751008-87611004,000198,OCESN4762F265120:2021-03-09T18:51:45Z,4762,1,254,
OCESN-87751008-87611004,000011,OCESN4764F181540:2021-03-09T18:51:45Z,4764,1,255,
OCESN-87751008-87611004,000001,OCESN4764F201828:2021-03-09T18:51:45Z,4764,1,256,
OCESN-87751008-87611004,000199,OCESN4764F202030:2021-03-09T18:51:45Z,4764,1,257,
OCESN-87751008-87611004,000200,OCESN4764F259566:2021-03-09T18:51:45Z,4764,1,258,
OCESN-87751008-87611004,000201,OCESN4764F268797:2021-03-09T18:51:45Z,4764,1,259,
OCESN-87751008-87611004,000196,OCESN4766F133739:2021-03-07T18:51:13Z,4766,1,260,
OCESN-87751008-87611004,000198,OCESN4766F152011:2021-03-02T18:51:04Z,4766,1,261,
OCESN-87751008-87611004,000038,OCESN4766F201591:2021-03-07T18:51:13Z,4766,1,262,
OCESN-87751008-87611004,000001,OCESN4766F202545:2021-03-07T18:51:13Z,4766,1,263,
OCESN-87751008-87611004,000170,OCESN4770F259497:2021-03-08T18:51:30Z,4770,1,264,
OCESN-87751008-87611004,000169,OCESN4770F263276:2021-03-09T18:51:45Z,4770,1,265,
OCESN-87547000-87742007,000202,OCESN5773F254228:2021-03-09T18:51:45Z,5773,,266,
OCESN-87547000-87742007,000203,OCESN5773F254387:2021-03-09T18:51:45Z,5773,,267,
OCESN-87547000-87742007,000204,OCESN5773F267018:2021-03-09T18:51:45Z,5773,,268,
OCESN-87547000-87742007,000205,OCESN5773F270661:2021-03-09T18:51:45Z,5773,,269,
OCESN-87547000-87742007,000206,OCESN5773F276755:2021-03-09T18:51:45Z,5773,,270,
OCESN-87547000-87742007,000207,OCESN5774F254226:2021-03-09T18:51:45Z,5774,,271,
OCESN-87547000-87742007,000208,OCESN5774F259549:2021-03-09T18:51:45Z,5774,,272,
OCESN-87547000-87742007,000209,OCESN5774F261499:2021-03-09T18:51:45Z,5774,,273,
OCESN-87547000-87742007,000210,OCESN5774F266884:2021-03-09T18:51:45Z,5774,,274,
OCESN-87547000-87742007,000211,OCESN5774F267114:2021-03-09T18:51:45Z,5774,,275,
OCESN-87547000-87742007,000212,OCESN5781F254374:2021-03-08T18:51:30Z,5781,,276,
OCESN-87547000-87742007,000213,OCESN5781F270483:2021-03-09T18:51:45Z,5781,,277,
OCESN-87547000-87742007,000214,OCESN5781F270580:2021-03-09T18:51:45Z,5781,,278,
OCESN-87547000-87742007,000215,OCESN5781F270617:2021-03-09T18:51:45Z,5781,,279,
OCESN-87547000-87742007,000216,OCESN5781F276701:2021-03-09T18:51:45Z,5781,,280,
OCESN-87547000-87742007,000217,OCESN5782F226277:2021-03-09T18:51:45Z,5782,,281,
OCESN-87547000-87742007,000215,OCESN5782F250849:2021-03-08T18:51:30Z,5782,,282,
OCESN-87547000-87742007,000218,OCESN5782F267027:2021-03-08T18:51:30Z,5782,,283,
OCESN-87547000-87742007,000113,OCESN5782F270633:2021-03-09T18:51:45Z,5782,,284,
OCESN-87547000-87742007,000219,OCESN5782F270635:2021-03-09T18:51:45Z,5782,,285,
OCESN-87547000-87742007,000220,OCESN5782F272516:2021-03-09T18:51:45Z,5782,,286,
OCESN-87547000-87742007,000221,OCESN5782F274573:2021-03-09T18:51:45Z,5782,,287,
OCESN-87547000-87742007,000222,OCESN5785F201720:2021-03-09T18:51:45Z,5785,,288,
OCESN-87547000-87742007,000223,OCESN5785F227582:2021-03-09T18:51:45Z,5785,,289,
OCESN-87547000-87742007,000224,OCESN5785F265219:2021-03-09T18:51:45Z,5785,,290,
OCESN-87547000-87742007,000225,OCESN5785F266933:2021-03-09T18:51:45Z,5785,,291,
OCESN-87547000-87742007,000141,OCESN5786F254368:2021-03-09T18:51:45Z,5786,,292,
OCESN-87547000-87742007,000226,OCESN5786F254372:2021-03-09T18:51:45Z,5786,,293,
OCESN-87547000-87742007,000227,OCESN5786F266883:2021-03-09T18:51:45Z,5786,,294,
OCESN-87547000-87742007,000228,OCESN5786F266890:2021-03-09T18:51:45Z,5786,,295,
OCESN-87547000-87742007,000099,OCESN5786F266891:2021-03-09T18:51:45Z,5786,,296,
OCESN-87547000-87742007,000229,OCESN5786F266892:2021-03-09T18:51:45Z,5786,,297,
OCESN-87547000-87742007,000230,OCESN5786F266935:2021-03-09T18:51:45Z,5786,,298,
OCESN-87547000-87742007,000231,OCESN5786F266937:2021-03-09T18:51:45Z,5786,,299,
OCESN-87547000-87742007,000232,OCESN5786F266944:2021-03-09T18:51:45Z,5786,,300,
OCESN-87547000-87742007,000118,OCESN5786F267045:2021-03-09T18:51:45Z,5786,,301,
OCESN-87547000-87742007,000233,OCESN5786F267054:2021-03-09T18:51:45Z,5786,,302,
OCESN-87547000-87742007,000234,OCESN5786F267057:2021-03-09T18:51:45Z,5786,,303,
OCESN-87547000-87742007,000235,OCESN5786F270482:2021-03-09T18:51:45Z,5786,,304,
OCESN-87547000-87742007,000236,OCESN5786F270611:2021-03-09T18:51:45Z,5786,,305,
OCESN-87547000-87742007,000237,OCESN5786F274341:2021-03-09T18:51:45Z,5786,,306,
OCESN-87547000-87742007,000238,OCESN5786F276723:2021-03-09T18:51:45Z,5786,,307,
OCESN-87547000-87742007,000239,OCESN5789F112479:2021-03-08T18:51:30Z,5789,1,308,
OCESN-87547000-87742007,000240,OCESN5789F199462:2021-03-09T18:51:45Z,5789,1,309,
OCESN-87547000-87742007,000109,OCESN5790F109049:2021-03-09T18:51:45Z,5790,0,310,
OCESN-87547000-87742007,000107,OCESN5790F112495:2021-03-09T18:51:45Z,5790,0,311,
OCESN-87547000-87742007,000239,OCESN5790F225320:2021-03-07T18:51:13Z,5790,0,312,
OCESN-87547000-87742007,000059,OCESN5792F270481:2021-03-09T18:51:45Z,5792,0,313,
OCESN-645663,000241,OCESN5950F271962:2021-03-09T18:51:45Z,5950,0,314,
OCESN-645663,000242,OCESN5950F272786:2021-03-09T18:51:45Z,5950,0,315,
OCESN-645663,000243,OCESN5950F275172:2021-03-09T18:51:45Z,5950,0,316,
OCESN-645663,000244,OCESN5950F275375:2021-03-09T18:51:45Z,5950,0,317,
OCESN-645663,000122,OCESN5951F110170:2021-03-07T18:51:13Z,5951,1,318,
OCESN-645663,000239,OCESN5951F148861:2021-03-09T18:51:45Z,5951,1,319,
OCESN-645663,000245,OCESN5951F185363:2021-03-09T18:51:45Z,5951,1,320,
OCESN-645663,000118,OCESN5951F201888:2021-03-06T18:51:50Z,5951,1,321,
OCESN-645663,000246,OCESN5951F263642:2021-03-09T18:51:45Z,5951,1,322,
OCESN-645663,000247,OCESN5951F269129:2021-03-09T18:51:45Z,5951,1,323,
OCESN-645663,000248,OCESN5954F112647:2021-03-09T18:51:45Z,5954,0,324,
OCESN-645663,000249,OCESN5954F220595:2021-03-09T18:51:45Z,5954,0,325,
OCESN-645663,000250,OCESN5955F112652:2021-03-06T18:51:50Z,5955,1,326,
OCESN-645663,000251,OCESN5955F112655:2021-03-08T18:51:30Z,5955,1,327,
OCESN-645663,000252,OCESN5955F158198:2021-03-09T18:51:45Z,5955,1,328,
OCESN-645663,000107,OCESN5955F174076:2021-03-08T18:51:30Z,5955,1,329,
OCESN-645663,000253,OCESN5955F185273:2021-03-06T18:51:50Z,5955,1,330,
OCESN-645663,000254,OCESN5955F202190:2021-03-09T18:51:45Z,5955,1,331,
OCESN-645663,000255,OCESN5955F274928:2021-03-09T18:51:45Z,5955,1,332,
OCESN-645663,000256,OCESN5955F274936:2021-03-09T18:51:45Z,5955,1,333,
OCESN-645663,000122,OCESN5958F112678:2021-03-06T18:51:50Z,5958,0,334,
OCESN-645663,000023,OCESN5958F112680:2021-03-07T18:51:13Z,5958,0,335,
OCESN-645663,000119,OCESN5958F112681:2021-03-09T18:51:45Z,5958,0,336,
OCESN-645663,000118,OCESN5958F202971:2021-03-08T18:51:30Z,5958,0,337,
OCESN-645663,000141,OCESN5958F260219:2021-03-09T18:51:45Z,5958,0,338,
OCESN-645663,000257,OCESN5958F273153:2021-03-09T18:51:45Z,5958,0,339,
OCESN-645663,000258,OCESN5958F273318:2021-03-09T18:51:45Z,5958,0,340,
OCESN-645663,000259,OCESN5959F111047:2021-03-09T18:51:45Z,5959,1,341,
OCESN-645663,000250,OCESN5959F112695:2021-03-08T18:51:30Z,5959,1,342,
OCESN-645663,000251,OCESN5959F112698:2021-03-02T18:51:04Z,5959,1,343,
OCESN-645663,000253,OCESN5959F157125:2021-03-09T18:51:45Z,5959,1,344,
OCESN-645663,000252,OCESN5959F186861:2021-03-06T18:51:50Z,5959,1,345,
OCESN-645663,000254,OCESN5959F201616:2021-03-09T18:51:45Z,5959,1,346,
OCESN-645663,000260,OCESN5959F270437:2021-03-06T18:51:50Z,5959,1,347,
OCESN-645663,000261,OCESN5962F105789:2021-03-08T18:51:30Z,5962,0,348,
OCESN-645663,000251,OCESN5962F109407:2021-03-09T18:51:45Z,5962,0,349,
OCESN-645663,000262,OCESN5962F112722:2021-03-05T18:50:34Z,5962,0,350,
OCESN-645663,000151,OCESN5962F156658:2021-03-09T18:51:45Z,5962,0,351,
OCESN-645663,000141,OCESN5962F156961:2021-03-09T18:51:45Z,5962,0,352,
OCESN-645663,000252,OCESN5962F160163:2021-03-04T18:51:09Z,5962,0,353,
OCESN-645663,000254,OCESN5962F200688:2021-03-09T18:51:45Z,5962,0,354,
OCESN-645663,000250,OCESN5962F263399:2021-03-09T18:51:45Z,5962,0,355,
OCESN-645663,000263,OCESN5962F274925:2021-03-09T18:51:45Z,5962,0,356,
OCESN-645663,000264,OCESN5962F275354:2021-03-09T18:51:45Z,5962,0,357,
OCESN-645663,000265,OCESN5963F117265:2021-03-09T18:51:45Z,5963,1,358,
OCESN-645663,000266,OCESN5963F139261:2021-03-09T18:51:45Z,5963,1,359,
OCESN-645663,000059,OCESN5963F148746:2021-03-08T18:51:30Z,5963,1,360,
OCESN-645663,000254,OCESN5963F201257:2021-03-08T18:51:30Z,5963,1,361,
OCESN-645663,000267,OCESN5963F272849:2021-03-08T18:51:30Z,5963,1,362,
OCESN-645663,000268,OCESN5963F273757:2021-03-09T18:51:45Z,5963,1,363,
OCESN-645663,000269,OCESN5963F275551:2021-03-09T18:51:45Z,5963,1,364,
OCESN-645663,000270,OCESN5966F112768:2021-03-06T18:51:50Z,5966,0,365,
OCESN-645663,000122,OCESN5966F112770:2021-03-09T18:51:45Z,5966,0,366,
OCESN-645663,000119,OCESN5966F112773:2021-03-08T18:51:30Z,5966,0,367,
OCESN-645663,000239,OCESN5966F160512:2021-03-08T18:51:30Z,5966,0,368,
OCESN-645663,000118,OCESN5966F200684:2021-03-08T18:51:30Z,5966,0,369,
OCESN-645663,000141,OCESN5966F263184:2021-03-07T18:51:13Z,5966,0,370,
OCESN-645663,000271,OCESN5966F270989:2021-03-09T18:51:45Z,5966,0,371,
OCESN-645663,000272,OCESN5966F275016:2021-03-09T18:51:45Z,5966,0,372,
OCESN-645663,000273,OCESN5967F105261:2021-03-09T18:51:45Z,5967,1,373,
OCESN-645663,000274,OCESN5967F112518:2021-03-08T18:51:30Z,5967,1,374,
OCESN-645663,000275,OCESN5967F112787:2021-03-09T18:51:45Z,5967,1,375,
OCESN-645663,000251,OCESN5970F107910:2021-03-09T18:51:45Z,5970,0,376,
OCESN-645663,000119,OCESN5970F113492:2021-03-09T18:51:45Z,5970,0,377,
OCESN-645663,000252,OCESN5970F160461:2021-03-07T18:51:13Z,5970,0,378,
OCESN-645663,000110,OCESN5970F200823:2021-03-09T18:51:45Z,5970,0,379,
OCESN-645663,000254,OCESN5970F263203:2021-03-09T18:51:45Z,5970,0,380,
OCESN-645663,000141,OCESN5970F269368:2021-03-09T18:51:45Z,5970,0,381,
OCESN-645663,000276,OCESN5970F273036:2021-03-09T18:51:45Z,5970,0,382,
OCESN-645663,000277,OCESN5970F276562:2021-03-09T18:51:45Z,5970,0,383,
OCESN-645663,000250,OCESN5971F112823:2021-03-09T18:51:45Z,5971,1,384,
OCESN-645663,000251,OCESN5971F116809:2021-03-06T18:51:50Z,5971,1,385,
OCESN-645663,000252,OCESN5971F161637:2021-03-06T18:51:50Z,5971,1,386,
OCESN-645663,000254,OCESN5971F201609:2021-03-08T18:51:30Z,5971,1,387,
OCESN-645663,000255,OCESN5971F272804:2021-03-08T18:51:30Z,5971,1,388,
OCESN-645663,000278,OCESN5971F274922:2021-03-09T18:51:45Z,5971,1,389,
OCESN-645663,000249,OCESN5973F275118:2021-03-09T18:51:45Z,5973,1,390,
OCESN-645663,000269,OCESN5973F275517:2021-03-09T18:51:45Z,5973,1,391,
OCESN-645663,000017,OCESN5974F112840:2021-03-09T18:51:45Z,5974,0,392,
OCESN-645663,000059,OCESN5974F151517:2021-03-09T18:51:45Z,5974,0,393,
OCESN-645663,000279,OCESN5974F259720:2021-03-02T18:51:04Z,5974,0,394,
OCESN-645663,000280,OCESN5974F275277:2021-03-09T18:51:45Z,5974,0,395,
OCESN-645663,000249,OCESN5977F112849:2021-03-09T18:51:45Z,5977,1,396,
OCESN-645663,000251,OCESN5978F139505:2021-03-09T18:51:45Z,5978,0,397,
OCESN-645663,000118,OCESN5978F200869:2021-03-06T18:51:50Z,5978,0,398,
OCESN-645663,000281,OCESN5978F201521:2021-03-08T18:51:30Z,5978,0,399,
OCESN-645663,000252,OCESN5978F224142:2021-03-09T18:51:45Z,5978,0,400,
OCESN-645663,000277,OCESN5978F255052:2021-03-08T18:51:30Z,5978,0,401,
OCESN-645663,000141,OCESN5978F263371:2021-03-09T18:51:45Z,5978,0,402,
OCESN-645663,000276,OCESN5978F266893:2021-03-09T18:51:45Z,5978,0,403,
OCESN-645663,000282,OCESN5979F111178:2021-03-09T18:51:45Z,5979,1,404,
OCESN-645663,000283,OCESN5979F112861:2021-03-07T18:51:13Z,5979,1,405,
OCESN-645663,000284,OCESN5979F268178:2021-03-09T18:51:45Z,5979,1,406,
OCESN-645663,000110,OCESN5982F112885:2021-03-09T18:51:45Z,5982,0,407,
OCESN-645663,000215,OCESN5982F112887:2021-03-03T18:51:00Z,5982,0,408,
OCESN-645663,000285,OCESN5982F144163:2021-03-09T18:51:45Z,5982,0,409,
OCESN-645663,000230,OCESN5982F200929:2021-03-09T18:51:45Z,5982,0,410,
OCESN-645663,000286,OCESN5982F201198:2021-03-09T18:51:45Z,5982,0,411,
OCESN-645663,000287,OCESN5982F273247:2021-03-08T18:51:30Z,5982,0,412,
OCESN-645663,000251,OCESN5983F106711:2021-03-06T18:51:50Z,5983,1,413,
OCESN-645663,000250,OCESN5983F106881:2021-03-09T18:51:45Z,5983,1,414,
OCESN-645663,000288,OCESN5983F112891:2021-03-07T18:51:13Z,5983,1,415,
OCESN-645663,000289,OCESN5983F112892:2021-03-09T18:51:45Z,5983,1,416,
OCESN-645663,000059,OCESN5983F157007:2021-03-07T18:51:13Z,5983,1,417,
OCESN-645663,000254,OCESN5983F200919:2021-03-09T18:51:45Z,5983,1,418,
OCESN-645663,000274,OCESN5983F263554:2021-03-09T18:51:45Z,5983,1,419,
OCESN-645663,000290,OCESN5983F263978:2021-03-06T18:51:50Z,5983,1,420,
OCESN-645663,000110,OCESN5986F108636:2021-03-03T18:51:00Z,5986,0,421,
OCESN-645663,000215,OCESN5986F111022:2021-03-07T18:51:13Z,5986,0,422,
OCESN-645663,000291,OCESN5986F141826:2021-03-09T18:51:45Z,5986,0,423,
OCESN-645663,000286,OCESN5986F200676:2021-03-09T18:51:45Z,5986,0,424,
OCESN-645663,000283,OCESN5986F200734:2021-03-08T18:51:30Z,5986,0,425,
OCESN-645663,000250,OCESN5990F109406:2021-03-09T18:51:45Z,5990,0,426,
OCESN-645663,000251,OCESN5990F112893:2021-03-09T18:51:45Z,5990,0,427,
OCESN-645663,000230,OCESN5990F158000:2021-03-08T18:51:30Z,5990,0,428,
OCESN-645663,000107,OCESN5990F184150:2021-03-07T18:51:13Z,5990,0,429,
OCESN-645663,000292,OCESN5990F185186:2021-03-09T18:51:45Z,5990,0,430,
OCESN-645663,000293,OCESN5990F200690:2021-03-09T18:51:45Z,5990,0,431,
OCESN-645663,000141,OCESN5990F260212:2021-03-08T18:51:30Z,5990,0,432,
OCESN-645663,000254,OCESN5990F263301:2021-03-03T18:51:00Z,5990,0,433,
OCESN-645663,000294,OCESN5990F265970:2021-03-06T18:51:50Z,5990,0,434,
OCESN-645663,000295,OCESN5990F272790:2021-03-09T18:51:45Z,5990,0,435,
OCESN-87481002-87485003,000133,OCESN62400F235297:2021-03-09T18:51:45Z,62400,,436,
OCESN-87481002-87485003,000133,OCESN62401F240443:2021-03-09T18:51:45Z,62401,,437,
OCESN-87481002-87485003,000133,OCESN62402F244970:2021-03-09T18:51:45Z,62402,,438,
OCESN-87481002-87485003,000133,OCESN62403F231239:2021-03-09T18:51:45Z,62403,,439,
OCESN-87481002-87485003,000133,OCESN62406F144513:2021-02-25T08:49:59Z,62406,,440,
OCESN-87481002-87485003,000296,OCESN62407F233728:2021-03-09T18:51:45Z,62407,,441,
OCESN-87481002-87485003,000296,OCESN62409F238501:2021-03-09T18:51:45Z,62409,,442,
OCESN-87481002-87485003,000133,OCESN62410F139726:2021-02-25T08:49:59Z,62410,,443,
OCESN-87481002-87485003,000297,OCESN62414F141370:2021-02-25T18:50:56Z,62414,,444,
OCESN-87481002-87485003,000133,OCESN62415F139728:2021-02-25T08:49:59Z,62415,,445,
OCESN-87481002-87485003,000298,OCESN62416F141095:2021-02-25T18:50:56Z,62416,,446,
OCESN-87481002-87485003,000133,OCESN62417F128148:2021-02-25T08:49:59Z,62417,,447,
OCESN-87481002-87485003,000296,OCESN62418F231420:2021-03-09T18:51:45Z,62418,,448,
OCESN-87481002-87485003,000296,OCESN62420F238558:2021-03-09T18:51:45Z,62420,,449,
